Thumbnail,Character,Merch Type,Title,Preorder,Purchased From,Quantity,Tags,Pictures,Auto-Tags,Color,objectid
https://mementoserver-hrd.appspot.com/blob/get?blob=AMIfv96vEqVC4qMyJPYoVa3YTW3YZfY_fVWv1Hk5I8Bdq2sVcxwXWMOqnGkiDQ7DjqSMva3J8PVn0yB0MIUr-DJkDW8DmTTfqDwHVG3TPbup4Cdq5Poi6UvY7r4nYqWFowScZDL1aAX-ZJjdV7NqgnfLF7HMNCOcl5275TFRqqBEl0NBfONg-eO2V6Lm8Ueo8YH8pu6LOr3l,Miku Hatsune (Sakura),Badge - Can,,false,,1,,,miku-hatsune sakura-miku sakura sakura-version can badge button pin can-badge can-button can-pin,"#33CCBA",1
https://mementoserver-hrd.appspot.com/blob/get?blob=AMIfv96FixMaLYvTRKVjo_SLmeheYopiNUt66dW1X_llFX3iaFeFdUlL42rCM1YZYrqz6Z9zovJWakWX0Sd0ieAXmAdTUDfWR2ypbqiOe9v8aLPecJpdfLe4csaSEkcbqnSLcGEJFgDiu0P4ZJtqymquK5r8RlmB8QCv-aRqYdDW2uHwX_PmPtX_NawaepVcjK577ek9-LOs,Miku Hatsune,Misc,,false,,1,tin,,miku-hatsune misc,"#33CCBA",2
https://mementoserver-hrd.appspot.com/blob/get?blob=AMIfv95A-errCoGF8shO48vZqcIC6TfEq3CDEs12xYatPhvRgmqsZsYyCrwhlDREiijAWTHoLF0SUQg88VowGNDtBlegIvJUdmucI7ayF4scs-zQXzM_NumZ37JacONduOnp5322Bc5o9xf805J38HorE41W0f2KDiCUikxoBDpWP2vLEqFK8eoZE5rKF812fGyBf43rc82V,Miku Hatsune,Plush,,false,Tokyo Otaku Mode,1,,,miku-hatsune tom tokyo-otaku-mode plush,"#33CCBA",3
https://mementoserver-hrd.appspot.com/blob/get?blob=AMIfv97EVfZhoa5IPRtza10fUsaHQbOwnXwUR7tLfyEyntah25HMnIhlWs5bbiEyKoemeSJpbGa7s2oXD5kdV33OswISncx7uKIA-y78ksPM4k0sATfTEAMCJIiR_4fJfQMKl0hqrp-fHW-zSAkZ8OBwAuHd92E3UBay8X6_t8iPUdkejQCvvSmfm4HcwAd-Bk-nNTzh1PEr,KAITO,Badge - Can,,false,,1,,,kaito can badge button pin can-badge can-button can-pin,"#3367CD",4
https://mementoserver-hrd.appspot.com/blob/get?blob=AMIfv95MzMfYCTIUj-XPDCRORNcmeJMayACUiIsK41LqaCSDWY4bLWpakblcX6YuQRI9-eoFHaMPFuDQY22_QRbMI2PJIXXu3ZAx0y2D85Lbgrhks_Nq-PipQiUcUMJxUac0WXYwRlS3tmsi2CVB_247CT8atGcnn6VXT8X4-HivHpQe7HfqUVtvFHfIviiP5lOhjLs-FbvO,KAITO,Badge - Can,,false,,1,,,kaito can badge button pin can-badge can-button can-pin,"#3367CD",5
https://mementoserver-hrd.appspot.com/blob/get?blob=AMIfv94OTSKWHmiK0pXCKPCNN9vgu7o-bg-P9TIOLJBwt405DFsH_R_5eLxlznydNCwGmvfMN-ZKNDXdmRe3Vv5INC7klqNBQf7nMdsGEvEGorwjpLrbLKm-BDeyB8r8UL54KeBgX_BSWBmJhwqBfzj6wkezbVrMTJ1CIxhqTz-KsC1oHySufaFayVfDZbLKyq_u6fWGrHF-,Luka Megurine,Figure - Nendoroid,,false,,1,,,luka-megurine figure nendoroid nendo nendoroid-figure,"#FFBACC",6
https://mementoserver-hrd.appspot.com/blob/get?blob=AMIfv95I15xDy0sVhI-pcVeJCtmffIO8rzg_hxsVcFmeozQ22OLkIEdiO-efz8eG__VGZnRWTJZRDfF0SynvHLs3Vm4vSiWLwT7vldeZk96U5MfbzjtWiza_3kUpYiE778q7qikWMFmIrzkn6IidNb_P0lb_rvxwezRil0idedlRSJ6AyBFzKN5GjbgZlI6rhG7KuH2FarFz,KAITO,Badge - Can,Magical Mirai 2021,false,,1,magical-mirai,,kaito can badge button pin can-badge can-button can-pin,"#3367CD",7
https://mementoserver-hrd.appspot.com/blob/get?blob=AMIfv94RES9FnTeCFkcw2wvDKMtNcjfvmJ2LJqUbiQ1Ewyan5bQ-Y_hebEiSE-88_FlhOXTn_GOQu6kf7Q7GrUpprKHiT_8IkK8wWdTydRW7UZge2SCbQCQxjcVk9K3U-deOxN-5XLF0vy6Flqfbc2hhva0Ffq4P1qmNYreK3MQVxNFOE4cJkuHkAHfpXrqkA2rQPkXryQJq,,Badge - Enamel,,false,,1,miku-expo expo,,enamel badge button pin enamel-badge enamel-button enamel-pin,"TypeError: Cannot call method ""field"" of undefined (field.js#8)",8
https://mementoserver-hrd.appspot.com/blob/get?blob=AMIfv95IjLjjY6DH6NO0MQkdn3BiHUGvjplH6u5KItCRFyihtJ16Nsi-cpFHLghM2cUrjjLbScFmUL2l76CHo_Edc4dUapyu52WCSFSSGwVeNYf9HzOxd2QX8Q_PZj3fI9mi4UxpPrW3tVFcW59L4rVPv7hLDs0f9iqF38STy5GbU23QiEgWBtrgQnthR8VZIcXoKCFFo1P1,Miku Hatsune,Plush,,false,,1,petit-nui magical-mirai,,miku-hatsune plush,"#33CCBA",9
https://mementoserver-hrd.appspot.com/blob/get?blob=AMIfv94V9gA5PRoOgxHWkAKyH3Y8KGTArHc9YkQboaH8BLBWzY1FmZjiGEG1jCD87-2bu-9YGtzMRbnp_yz2glAqAwr0pnyR2SZdqAv0mc9Bw0rJF-fFLljHtIVWyyVYVvXTuwy0gL5VIfwHNdS1-79wR-QPSwDneDiTiGCtGyptWYbJiKaEmDsJtPolEYjgwQkBL_yTn1fu,Miku Hatsune (Sakura),Plush - Nesoberi,Sakura Miku,false,,1,,,miku-hatsune sakura-miku sakura sakura-version plush nesoberi neso nesoberi-plush,"#33CCBA",10
https://mementoserver-hrd.appspot.com/blob/get?blob=AMIfv96EhMGsaBhUJUwf4LuRfwPdmyPb-ffOxb3K_F9XvD_2pn7LlzhDrfxX2fTjnoSNKgY9Spr1KPrGuOJX-ZKbj24Z7tUQM1H_MT9OJnVwHM2F0Yp8euq-CqgTZfVRt1n2H6KlqYg68IMHFOsDPMXHlTJuyNLbdDPhbfc6kgqjcSqYGnaPQSt9f0aMDAe4gF7qnsGKaoKn,Miku Hatsune,Figure - Nendoroid,,false,,1,petit,,miku-hatsune figure nendoroid nendo nendoroid-figure,"#33CCBA",11
https://mementoserver-hrd.appspot.com/blob/get?blob=AMIfv95Htp6rVqrTiw1QJf7Aq40_5L2RAcCZlNy7Z-9CCweoOGYoQj5gi_-sVKzm0eVitP7sj2cuwCCzwS9aVJPu-8a89dyWwaU7-EohlKuXRBTPOXVEmvCqa5Jg7fRVYsYoMWpq0oX1dCQroLggyyKyqcgdmDfW40LKuNK56Csfjgz1o6r_Y4yq7r-4kyvg-uQao3h8JEIl,Luka Megurine (Grand Voyage),Keychain - Acrylic,Snow 2022 (Grand Voyage),false,Mercari JP,1,,,luka-megurine snow-luka snow-luka-2022 snow snow-version grand-voyage snow-2022 mercari mercari-jp acrylic keychain acrylic-keychain,"#FFBACC",12
https://mementoserver-hrd.appspot.com/blob/get?blob=AMIfv97klu4m0pODtxbcySbX_mug6aiJf6IEqB12jBjA0r1bVfYhleBZyxCRTlAhnXitAx_9oCuslH692J2BgsmNhXmhgAWA5-3skoj1NmXT92LO-pHseMzd2npZ2IX6rmj5optoGTGp0nFP6GD2tbRB3ka37XG5Y3XMmta93Iv7oSj4DTFbVGQC3bnOB5P618KE1NYJG2g3,Luka Megurine (Snow Playtime),Badge - Can,Snow 2011 (Snow Playtime),false,,1,,,luka-megurine snow-luka snow-luka-2011 snow snow-version snow-2011 snow-playtime can badge button pin can-badge can-button can-pin,"#FFBACC",13
https://mementoserver-hrd.appspot.com/blob/get?blob=AMIfv97owvD3Wi44JuT1zXKrfs9tmUD05WL_Ukjn5uGBSbRpj269bMBpEc5KqHfNr1ieOuvrqfL8LysjI26F94hQiiluY_DxDLGsGfeCe2BBVyvuQSRsYK9OX6lEPkAjzTXhaw6WPRBN24uibXJvrqIW8DrY25SBmR5ejTDqjdEk_GbYcTrxaL685zJxCvdogmXbqbYb3d8y,Neru Akita,Plush,,false,,1,nendoroid gift,,akita neru akita-neru neru-akita plush,"#FFD700",15
https://mementoserver-hrd.appspot.com/blob/get?blob=AMIfv95H6vK06ynpsKDyyO-9CI9IUdpi8fw5LoKDQHg-g9xhwYMuXlZaBqXj8lHup5y9WYTuHHWB0bkNTRJp00M6rZLbsBd-MM3eTlHlZtX-KrkuBji3_azZjYUQfKSyPhL95PArSuOPXw2EFf_YAN061HGuuV3NdB2jeiLCCTLoTtUKnd7SMFjfcYn7riDEnSFR-EPPYnVY,Luka Megurine (Grand Voyage),Badge - Can,Snow 2022 (Grand Voyage),false,,1,,,luka-megurine snow-luka snow-luka-2022 snow snow-version grand-voyage snow-2022 can badge button pin can-badge can-button can-pin,"#FFBACC",16
https://mementoserver-hrd.appspot.com/blob/get?blob=AMIfv96zcwn1tJ8hQLYvhLMlkIS06-wiZDDEneuLOWofJDGNuvASpuxFmNwZu5DvgY9oEf0csoIvOsW71vwq5BHDr_EUZ6_Y8u-_yErhcuxZV9Ug-VFDTkoLpQrcwKEEgpLXX_oAwb-LBpnk-29Z3bNWje9zAmydbT1HGVJol65khgnnxGNjVCGls72ufRFoHokfVc-sOp9a,Miku Hatsune,Keychain - Rubber,,false,,1,,,miku-hatsune rubber keychain rubber-keychain,"#33CCBA",17
https://mementoserver-hrd.appspot.com/blob/get?blob=AMIfv959Sv7ETo91dLlYIAwL_7IQr71vymXytE5v21DJr7DdM0ZNWdpjOVutvpsOUEqRM0bRlba6mUJa0aybos4Zp5eMzDkGsJ3NPxx_4oiZ5Ukgg_mKAd3CLu9Gh3ui0evvO-BkfC5Th-NfvNwqn3MScnZe_ho5yJQodxhGje89ZJgkh6jCp-nqhe8IU-TZMuOJX8Y61knZ,Miku Hatsune (Sakura),Plush,,false,,1,taito,,miku-hatsune sakura-miku sakura sakura-version plush,"#33CCBA",18
https://mementoserver-hrd.appspot.com/blob/get?blob=AMIfv960VEjLpvherbJwkaSIbGunk1ovlTmp6cMP4gdxYuAtuHawv3yCmIxRuq-5uGrHPSBqMl2T3ig36K6HU1CO7PcetO_QnAUFnbGqpKM373vn90TfuZVm90lhhsqQQzE4v3vpCSNUt9u1F5i_M1OQSzXmfmoVQrOFIzEnFVMNlmeP3OvzghPyvFnOpMPlcIJj2qXPB32y,Miku Hatsune (Twinkle Snow),Keychain - Rubber,Snow 2017 (Twinkle Snow),false,,1,,,miku-hatsune snow-miku snow-miku-2017 snow snow-version twinkle-snow snow-2017 rubber keychain rubber-keychain,"#33CCBA",19
https://mementoserver-hrd.appspot.com/blob/get?blob=AMIfv95FiOH5_bSR4QCAGgKImomS4xqodx2D5zHw0Kq8lKVbeFHWLDwt7g7t0-IfNYaOO6G65-VAtkUtl69r3bicjsEQbWkE2sYeMYXFmCR5yOm5-BR3IJJaW3MCX76GpFbqHUApwSmwI8DxjkkxHG7QwGfHk4uxFWClCGC5ufDzCDJ7G0a00c54hO_o44SOqWPtEhHM47eq,Miku Hatsune (Hello Kitty),Badge - Can,Snow Miku × Hello Kitty,false,,1,,,miku-hatsune hello-kitty-miku snow-miku snow-miku-hello-kitty hello-kitty can badge button pin can-badge can-button can-pin,"#33CCBA",20
https://mementoserver-hrd.appspot.com/blob/get?blob=AMIfv97-gqFZ83YigpX9TYmLcyNgf3gcivNXN8lZjhQ7xOcDYpydhWzHFDTSxjXRg29-1Zwx6O6pWkrzEKoVgSDg9vTmD8MgFGvSmKPeiqyW9MvxetEMzRPmPPuMRA_2maTEWlYSKhS6keTBJcqyj1_0o8ZqoMPLfmxc_mwUAFpEvdYgovuyM2jJeE61ri4EYrYlq38CEoui,Miku Hatsune,Figure - Nendoroid,,false,,1,10th-anniversary anniversary,,miku-hatsune figure nendoroid nendo nendoroid-figure,"#33CCBA",22
https://mementoserver-hrd.appspot.com/blob/get?blob=AMIfv94-Ei2rDIeEhB-EdlMIoX0HHCEeQS7RWNF4EpIOpKPDfpcRMMpsdzI2J2L1FVYaT_3p1QtL89r9zJ_jgALDFTJXDnSOES02LAFGD5Qqhz3NmcH1-ku198pwAI2B_UK8G7i139tpkhSnUPzKysw4cuhUcn6msMOJ86AaogqieBggpVbZJdeMD7Dte3h8do9tgkG0Aae4,Miku Hatsune,Keychain - Other,Project DIVA,false,,1,project-diva,,miku-hatsune keychain,"#33CCBA",23
https://mementoserver-hrd.appspot.com/blob/get?blob=AMIfv94kXI_ul5ckmKSYEApKQ4srRN_xYDdzJ5622eQF0Y3TRcvuVR_jMH6MJVJ2p2kQLdcJsexNIDud1PblpOX6rP-e0ZYzmizyFRu3AvQidh18s_1-mr1l8Y4VrWw9OxX2s9Db99vOoLwzPSdORoqBE3gugj2E3VAFzv5dRsZMIwP9cwAl_zSnMHrSiRMuhBsdCyRp1r3u,MEIKO,Badge - Can,Magical Mirai 2021,false,,1,magical-mirai,,meiko can badge button pin can-badge can-button can-pin,"#DE4444",24
https://mementoserver-hrd.appspot.com/blob/get?blob=AMIfv947COnhVCRselzMMtnTpNVjmfH_z7oPnfq7e_sKYXTbMSOu8YUVqBGsglND_AyhQg-8eu7DyIlZOYpzmHuevfwDg4F7lIXpN6GfNNfgkONLhSAvPMsfC_301wDnHqpAuc5gozPGN5KPdKZE9oQckFe9bD1sfO6B2v7yHYQ7AwaTME9cS1mxadzmipTIg1yAwRx2xMyJ,Miku Hatsune,Flat - Clearfile,,false,,1,,,miku-hatsune flat clearfile clear-file,"#33CCBA",25
https://mementoserver-hrd.appspot.com/blob/get?blob=AMIfv95Ep8C6euy8OfaeajAbpG0v2LyhJQza9F9SxEnnfkQmTSA2CabTfvVhxoiT_QsFSTipZtlDy5TWbsGKT5jwQvgc-0mOjEVJibNBgXCcW7cteXIHhmQdyEU7FxBzVvGQsgxAh25EPTKAgb2DeBhbqGbH61iMGqCObRP6_KznsVkFU05zb57bKhfG8b7f0W780L5ozTil,Len Kagamine,Badge - Can,Magical Mirai 2020 Winter Festival,false,,1,magical-mirai,,len-kagamine can badge button pin can-badge can-button can-pin,"#FFEE12",26
https://mementoserver-hrd.appspot.com/blob/get?blob=AMIfv97HwOOD_u4mUFfew-Zk8BIrJo-UKQm2FZQbSaDj-WaAUOUM5y7pJRT8bl8VoAsOsOm1yDJZS1IAg3g7Z20TEtgql2JgOqNMFAaKt_B0wSLiRM2grcQO9fwQzJKi6z3jKZICdhNhRJv8uCpPxXxuhU_kC11Gyy0hRZq-o3Vacl2da2Jf1WXl2Sa3wXv8x3RKGK9twkQu,Miku Hatsune,Keychain - Acrylic,,false,,1,,,miku-hatsune acrylic keychain acrylic-keychain,"#33CCBA",27
https://mementoserver-hrd.appspot.com/blob/get?blob=AMIfv97zYiz0Ret--nZbPfOraebcLgJ_CbvvykiE14c8PJPYNBhvNRL7f60P2UyCfIigIKYKqOYp-9MCAyrTmwefeWqNHvmv3V1enlOVI1fqb0Ib2ezkrRGc_GIi-c_38evqcV8VcYRnpKc4TNOvdNxrCG0LE3rWBZmud2-iIZzpWz8GyaDP8KBMrKV9MWo6GDNMvhzNereD,Miku Hatsune,Figure - Nendoroid,"#1739 if Ver.",false,,1,if beta,,miku-hatsune figure nendoroid nendo nendoroid-figure,"#33CCBA",28
https://mementoserver-hrd.appspot.com/blob/get?blob=AMIfv95XCTZOkJHp-F_G0ZQoRI_dK23bMOIM5qJsc0y1V0KcOB8X0Zjjq8Rw7OkAcbM_gtH-leSRnPaLfm0VsxznxWKD5o_SCIZ48eCREPv-eXaqCqZbxL_N8gZ1GjctjUG4DVXGg_UtcrTkJNvmCuRJp4WEEmXubgnRzA1uvKrMBe73LDQ-Tjf8JF2Td1lisGfzc5GsS-Du,Miku Hatsune,Plush - Fuwafuwa,,false,,1,specialty,,miku-hatsune plush fuwafuwa fuwa-fuwa fuwa-fuwa-plush,"#33CCBA",29
https://mementoserver-hrd.appspot.com/blob/get?blob=AMIfv95qR96TRhVLtjJECD8w-Lg6N-X3wEOObHr1EJmbmc3XO7nFi4HaNlkLbTCIa8dUcAIFQNETDGVmrKvlk160Mc_n2MOCE69hZi6odMPhARwr3iLFFaWoP1cCWj25odTH4ybELY-LtTsfezPh1F-AStBwJwzh9uOxSJV6HSjpySeSkPXEEFj3AyX8zKP-Z8tTnoGcAj4B,Miku Hatsune,Keychain - Rubber,Project DIVA × Kitty Cat,false,,1,project-diva,,miku-hatsune rubber keychain rubber-keychain,"#33CCBA",30
https://mementoserver-hrd.appspot.com/blob/get?blob=AMIfv96Pyk3LYco-dMKVsEY_wuJIATV9IYXU-Qj_Lz6VHmdDC9bv4-RSWPW1-pgrsSVKPyvuL2tWJAl6kMspfjwIcnFu_iio5f2EwIdbwQGSqp2atNyo7FXBBnba5AZH8TTKiB-RLtOoZJEt1G9FgRG5GJ9I2YwRiJd-MIiN3VIjCPSioY_EiVsD_vyK_Bqmp95WbOkVf1xV,Miku Hatsune (Grand Voyage),Misc,Snow 2022 (Grand Voyage) Nendoroid Outing Pouch,false,Good Smile JP,1,nendoroid outing-pouch,,miku-hatsune snow-miku snow-miku-2022 snow snow-version grand-voyage snow-2022 good-smile good-smile-online good-smile-jp misc,"#33CCBA",31
https://mementoserver-hrd.appspot.com/blob/get?blob=AMIfv94ph7NnT6sB7Yas51lDo_yIYAmnvCNuPfusH0F2Jr6tvyvQ9rVZ8xPm0OE9h1KcrEO9P6UQbLv1c2403D2qaxWCCXwy1GoWSbSSRSHEEFT-a81fBGBmYnr_3sdhfMUtge86WYa0z1fO93pw2isg0gkWyUz258lRUcq0p16G_ZjJreJSNJ92446NOG38D64-oqBDf0j1,MEIKO,Badge - Can,Magical Mirai 2018,false,,1,magical-mirai,,meiko can badge button pin can-badge can-button can-pin,"#DE4444",32
https://mementoserver-hrd.appspot.com/blob/get?blob=AMIfv94ocu8NNJTwZ7zliYyvyIxJ8ja4P00xhLFIG0E58KGs6l2werI8uwQHXrr3d0qGmFhkfrDMugwBojUilLYM0QNGgYoPIIoE3LNXOWQrZn0N-bOc7OS-azfqlrhB8TOg6VqfuAknx6lK9ZoaXmJcaKhEkpf6PN28LtTPZH5BH81-6-FkFza2MOHuUjDmwEhqL9fut5O9,Miku Hatsune (Twinkle Snow),Keychain - Rubber,Snow 2017 (Twinkle Snow),false,,1,yukine,,miku-hatsune snow-miku snow-miku-2017 snow snow-version twinkle-snow snow-2017 rubber keychain rubber-keychain,"#33CCBA",33
https://mementoserver-hrd.appspot.com/blob/get?blob=AMIfv95I8pcxO_9nG-3fd9B1KcaCucig5eyyw4Z64yG7jfKP7CEu82JGj3g_hF6dgofIqCArr3jH6pLv4qib_A2Q7F9PD1XzsqLBjX6iDO-OY7sygFTGOAZUXnKlbVOjBvliQm4Q46XCbOKEQyWP4We3Zab5hxxwknLP3u4Lb7fb41QyyLp856M93dITPxbUM4_SN5TKluyY,Miku Hatsune,Badge - Can,Magical Mirai 2018,false,,1,magical-mirai,,miku-hatsune can badge button pin can-badge can-button can-pin,"#33CCBA",34
https://mementoserver-hrd.appspot.com/blob/get?blob=AMIfv95OPIsZqijpyaoZHtfO8KByraEE3oeeMNoXj5nMxZKr2dFlWUjJGteepUYDMq_gWQS32MHIo6R2qh_nIGdn2hF_wEsQvNKxT3ZJ5xZpCDj-wGlUAbZtnhgvyIEB2mMI2GQATTUHbuIT1Vt1Gpw6VSKEkBNsNKGn7s1qSTxlGtl4dmTHj_Xvu3IjSI7FTFid_4NEEvIn,Miku Hatsune,Figure - Prize,Project DIVA × Dark Angel,false,,1,dark-angel secret-police project-diva,,miku-hatsune figure prize-figure prize,"#33CCBA",35
https://mementoserver-hrd.appspot.com/blob/get?blob=AMIfv96yduUnx3I_j2Jq2cVUoTbDHyY0LAYRnKAzML5gfKGPKBEqg9ZtIq4eXqZL-ntl6YMWmae5cLSKcSUMgdapdj-9cXzxd94Ba8x7BWpcgdrvmYToIrB1A19TsJcaYReM8sd4uQEMAHuZiK_uMJhkLOh-OU7Aygl5KGsJFxcBGziRKwTADwShFLppe635_WVAub-h8QoN,Miku Hatsune (Sakura),Figure - Nendoroid,,false,,1,doll,https://mementoserver-hrd.appspot.com/blob/get?blob=AMIfv95LitIQbpFOfX1FU3x5Nutx2kK6rtqpCqM8rVTLFV6KAzKGTgugYFdVKygF4YRoPvlQn0FpWgA2i8DFP8ssPlQmJse7m_fNHO6ASaLhL2eju4n3NKkKkDzxK80Nk8TSDAk7gTeVbMg8gdSYLXNfdkbXkBrZN9ggiupS7PeOXeCLEB_JVmGl5IL-UyZDfYwEofyxSjqc,miku-hatsune sakura-miku sakura sakura-version figure nendoroid nendo nendoroid-figure,"#33CCBA",36
https://mementoserver-hrd.appspot.com/blob/get?blob=AMIfv97piF2TM96gXEpvAy-fLVi4zInXeA-Mygm1FLSGMregMhIobZoPS1tHS_w101uvRSMv26L7pUEktEuC6n2zlTLIoiMKFcrz-NUZsUkIRYHtDfJ_1hsueZjpiBqm47Y7p5-4h-qlY_Vo2BEGhkRqP3-oQWpWzDv7OsCJcNPiRtu4WvjnvdT1GAoWCkhkuDGRjVy5mTnV,Miku Hatsune (Fluffy Coat),Keychain - Other,Snow 2012 (Fluffy Coat),false,,1,,,miku-hatsune snow-miku snow-miku-2012 snow snow-version snow-2012 fluffy-coat keychain,"#33CCBA",37
https://mementoserver-hrd.appspot.com/blob/get?blob=AMIfv95A3z5L97NbGef9qbM1WCV7ARy2SRS4rLI7coHy4R8xbOMHJXHZht3JNi4MmFQ_Gj4m24jvRg1NCjbsEo6uikvZcB5OQtlYoSVUcZUOfH1UDbtkuJHOVLb60dWDF3A4O1lrtNlf-x9ZJjPtNODlgeaQtJ94fro10lHb4qshbadrU3g5WIDEUNGLT5XgnmrGWO1hxj0O,Miku Hatsune (Snow 2010),Figure - Nendoroid,"#97 Snow Miku (2010 ver.)",false,,1,,,miku-hatsune snow-miku-2010 snow-miku snow snow-version snow-2010 figure nendoroid nendo nendoroid-figure,"#33CCBA",38
https://mementoserver-hrd.appspot.com/blob/get?blob=AMIfv96WqWj6E-wAE2l0Vc9eAFkuPz2FrkwmXX7yzV1WiDxHKdXArslOQx2fKjbGHwIE02EMpesEFL4ql7gaIsZcJb9RAWDr6Ztw0gfYQhs9KFK-ahVnkk-9pIvkrQAM_hRT6ExEKu0D__LB2yLeqctP-kPf1rwqfV30wyplENwIIWi-RQomDlUJRdCsyGrn3HQWQ8Oh3asV,MEIKO,Figure - Nendoroid,"#187 MEIKO",false,,1,,,meiko figure nendoroid nendo nendoroid-figure,"#DE4444",39
"https://mementoserver-hrd.appspot.com/blob/get?blob=AMIfv97Kyo2H3pTkzXTexY6vOUd88iRdyD_ed2J1436BBWAFuRVBD53GXAlaD4JcSt6cEgNGJP91ppbK--ICMhUSXmjLTmFw_4T5E1WJ6lX9ojjAz6BUiIYTl7VuOqgUX5lZj80Y5cVD-lWiCWwHytt1HHc_KSS0-TRFVbchQZcjvj6bdHEEwo0vGOhYKjmpVNMVkTKTKl9L,https://mementoserver-hrd.appspot.com/blob/get?blob=AMIfv950D8r5UBQkpb0lAPjkV_u7Ztd3JvVhXQk1nEmAn3mIWyunXE-_kcgWu0jHc7iUJ2jcJw2RtLiXYbkoZMiLrUVe8a0j2PAcl4xeBirMt20mDAGE0VKIxZU-lZiqAzSTTF0YBlo_8FTC1TQmwfHC9P38T6m67q78E5bl1vZD9YW9kDC0gR4K6bkGltrw_d96xQEsn6Gb",Miku Hatsune (Crane Priestess),Badge - Can,Snow 2018 (Crane Priestess),false,,1,,,miku-hatsune snow-miku snow-miku-2018 snow snow-version crane-priestess snow-2018 can badge button pin can-badge can-button can-pin,"#33CCBA",40
https://mementoserver-hrd.appspot.com/blob/get?blob=AMIfv970s-ZHHo3hKjGvqSrHIYXc2dTZw0ql6ISaXQpkfugfS95pK54ppYQOKjcbQ4pXP2SPRQk8tZW-OFWrnsnp-xKJe-YGwYg9-sGj8czsxj8cic9aw5v2slDBhkttjslL7vAFc9rUFrwOj52qSARQtVDdlMEabE-Cb1Jj5zUebroWmu8bBEfx5zmtrocRNAnS5MWBIHhc,Miku Hatsune,Acrylic Stand,Miku Expo 2021,false,,1,miku-expo expo 2021,,miku-hatsune acrylic stand acrylic-stand,"#33CCBA",41
https://mementoserver-hrd.appspot.com/blob/get?blob=AMIfv9586ccb_Aq6dSBgRsUP547VIAUZ_8j5to1uI1rarLhsYKlag8VTcw50fzvkZvIz-wdARtODfFGmEyGkYM6Ged-ojHSIjTvsYT8TqyeBvw9c49fLWPCqtdkKi_vhwSp83fz0Wy3t6jq9byLmYYcSF7oZjOyRfsYkjzprHlCp2rzBWqIqlcWf94-VCm6LMlBulzmFeae0,Mikudayo (Snow 2010),Keychain - Rubber,Snow 2010,false,,1,,,miku-hatsune mikudayo snow-miku snow-mikudayo snow-miku-2010 snow-mikudayo-2010 snow snow-version snow-2010 rubber keychain rubber-keychain,"#33CCBA",42
https://mementoserver-hrd.appspot.com/blob/get?blob=AMIfv95-bKPCnUGoOc8s80j0l_9WItBzS3sCjyeQfGVMa7xdXOogaCIFWPLi6sseSWzh7U8tWQd-qe877O1gKEM3x0yz9EtEgS-o7dEIrUUlVJ96O_LBuYlis0tzdq2uT05GkD15l-TtDmdmtGtLOZGJYHPAgsHOFiPvqvS8zMHYqqCGAksAPpoqHh6STUUhrkCJ_nBenF9M,Rin Kagamine,Badge - Can,,false,,1,,,rin-kagamine can badge button pin can-badge can-button can-pin,"#FFCC11",43
https://mementoserver-hrd.appspot.com/blob/get?blob=AMIfv96pddtgYF0rBBPeR-I4K21fdq7nGXJbtDr72G69AEoJMNRUZZa1pcrOrDzii2O6wApLGFNP5GCtA52IWSdLm0VFKH8sg9VMQL2N_v38mL-Psdec5Y9XQ_Q-M_UNBFDgWwyp03ZMhd_FvDDEeQWUiHIBozOD7OQMM5HEi9R1tLB1a1EeL2Cbiqe6M0gyYqrqArKE7ZgN,Miku Hatsune (Glowing Snow),Badge - Can,Snow 2021 (Glowing Snow),false,,2,,,miku-hatsune snow-miku snow-miku-2021 snow snow-version glowing-snow snow-2021 can badge button pin can-badge can-button can-pin,"#33CCBA",44
https://mementoserver-hrd.appspot.com/blob/get?blob=AMIfv97nERsI4I-vnvSYfS9ufSQCg0DzMslktcIIU5_b6bt4vcA9LV0fmBwDXuuYwvdxJSzJw9WH_0kilUBnK2OFSKvlDoxfliLYrHLO568NQWljFmB6Yi8BEZZp7e31-SQgFiGujYMES7iRgjm_pTEvnjYNKpzL0sejQIcVifMP7R8Jvax-LaVke-cvVqfMdJJLbkmFvo7u,Miku Hatsune (Grand Voyage),Plush,Snow 2022 (Grand Voyage),false,AmiAmi,1,,,miku-hatsune snow-miku snow-miku-2022 snow snow-version grand-voyage snow-2022 amiami plush,"#33CCBA",45
https://mementoserver-hrd.appspot.com/blob/get?blob=AMIfv95aAsu7uHLSzWAixN1K6asvhZe-QgwA96P1IShxzfUTHWOOZytIOm7zvDXp8zTJBYlNx72kup6KQXam6BNf-XGoRLYA2nPvQuUfYh93VQnLH_ysmth0Mwee6CbgaB9N-FRHSRR-1JVyzcHLyjVmBZTioon9zpki9JO4YqCvZlt04EfiJT9_o9TrVmsPINwC6FmFhYOP,Miku Hatsune,Badge - Can,Magical Mirai 2020 Winter Festival,false,,1,magical-mirai,,miku-hatsune can badge button pin can-badge can-button can-pin,"#33CCBA",46
https://mementoserver-hrd.appspot.com/blob/get?blob=AMIfv95Dg1Z9CGaHkOBk8dMu1yu9_-4HLjPfaoK4_cMramICvLJI-kbKLfsOBH7Oxc63jAVXvZpdmkyBxsnQJSCKWDfVk6bHD01TU_EIHfLoDpiQ72i3suldzb8CesGVLXdIXoBJ8XZLW-pzDOoSwU2sOdYnpN-SFiGd5iEXkqyWjPijXjcDsbPdsWeo2JED40aGGa9INvpH,Rin Kagamine,Figure - Nendoroid,,false,,1,petit,,rin-kagamine figure nendoroid nendo nendoroid-figure,"#FFCC11",47
https://mementoserver-hrd.appspot.com/blob/get?blob=AMIfv95OcvxYCx7pK_ZsNtJKYQ-C-4imFQAtv-Hvmh8fU88JGPBABWCNpqP8bp6MmOXuhXa4_Fc7SALNdtlXhKnV7ZY2nx-GNwbxPDfj2IkJgtUZj3sSRZxniwbUGZ1OyG3N2w1W8ZhQsict7PCgBLWX41gOnnNiO5USfLaSBo0nrdnzo2OYO38kut1TNMsPeV_wkBKcmWPd,Miku Hatsune,Keychain - Acrylic,,false,,1,,,miku-hatsune acrylic keychain acrylic-keychain,"#33CCBA",48
https://mementoserver-hrd.appspot.com/blob/get?blob=AMIfv94odC3L2snmFA9-V1mZhMDtdP6fsY7oDNOT7c-u7thJIeaFXcMBXPPFxWlIkoFmOccZHM02nR1ox0naiQM7Bo4F4Q_MdP6tMXI2rYQBzxNseK-cUST_tsCAPxXUVvCKHyciNkpmOjWnpZLpAFKod_ufue0rNB6I6KX-SIr6CyY2d6gN2Dcrzt1362hRRNLemeZC_tuw,Luka Megurine,Keychain - Other,,false,,1,,,luka-megurine keychain,"#FFBACC",50
https://mementoserver-hrd.appspot.com/blob/get?blob=AMIfv95-osi5aebG2_-2EMbdFpidLunmkXbffV29Qzmy85VPQiHxDlMJ3tx48EKNpyQOuf8hHM8RKkAUI79JzPf6pUPotCe4ltbp_MV5GHVpwcuGDU-xokvbEtcht4RRh522QmchOk8QdNyAukbalrCr2Q0R_6HNA_qtuTnqtoQMvmPV6hm_k-aY5rq9rbYMgn7CzoRW5JOV,Miku Hatsune (Snow Parade),Badge - Can,Snow 2020 (Snow Parade),false,,1,yukine,,miku-hatsune snow-miku snow-miku-2020 snow snow-version snow-parade snow-2020 can badge button pin can-badge can-button can-pin,"#33CCBA",51
https://mementoserver-hrd.appspot.com/blob/get?blob=AMIfv975hC7OpiDqxdfo6t2E5eF654jVhmvRBw3Q4CXQIiFExO9adlcwqITpCB9jCjth4xM9l8jMLaqv7C9TXI7XQDQB05A6_QR29Tbj8ZwIpWE7QB5OucYjFOSj0ILXNpZ4BxO0Xg_4iu-VcS2ON6zJhX-Cap9VTK8V5iLjgHh8QceSkh6Q7pBVssen4kwJhWyXFnJR1i_U,Miku Hatsune (Hello Kitty),Acrylic Stand,Snow Miku × Hello Kitty,false,,1,,,miku-hatsune hello-kitty-miku snow-miku snow-miku-hello-kitty hello-kitty acrylic stand acrylic-stand,"#33CCBA",52
https://mementoserver-hrd.appspot.com/blob/get?blob=AMIfv96394BxrG-oGs3h1dy6nMbrTq524dQzPUygj7vg79hFB4Ybg7-Ea2V3kifMbuB_nqeswoC_gSyDStwbh28xKZrqOACrk3rX9PJnj5ZWrD6adwfacuJhg_6D4Fw-jOmcx7Zbej53-CSZECXr8H6uGobnBZMe2IZQ95ZzKP2cINk0LPfbsSaxOffhpclGjOwhFaaGskpC,Luka Megurine,Figure - Nendoroid,,false,,1,petit,,luka-megurine figure nendoroid nendo nendoroid-figure,"#FFBACC",53
https://mementoserver-hrd.appspot.com/blob/get?blob=AMIfv95r90mkeAkzDhvmTgH0ftm0OSt87eFteCJxuk9iR2TSgGUO-qG4btciANYdBULQORAS8Cl4mTIir2YgmG_c1IlrAHb9En9XXtKL53hpxTiGhusJ3OPPGSdK68AX2qT7gFoUR6bco8xvsYB016aPNCmjuSYRHn7tv1GTrYDkqg4hzqTLkUlaVrAWuf2ujfhpBr3whoZ9,Miku Hatsune,Figure - Nendoroid,,false,,1,magical-mirai,,miku-hatsune figure nendoroid nendo nendoroid-figure,"#33CCBA",54
https://mementoserver-hrd.appspot.com/blob/get?blob=AMIfv95-hAhOXMMF2P9s8YlTkxnsbXpTSfFN4lLWGMzXki4HcBYslkjaD7EOKTXsz4_grA13uTYFTqgDyIudcvnkbXwccktP8Ts53l-S4dOMdiW2A_uAYkEPsfwAHkm_BkWEQwec1jVR6zg8x2nEi-309ZOsgydn3YDW3Qk4dtqUpgrzn7R1DBKWYE2NotBMgTlUGgk1br-v,KAITO,Badge - Can,Magical Mirai 2020 Winter Festival,false,,1,magical-mirai,,kaito can badge button pin can-badge can-button can-pin,"#3367CD",55
https://mementoserver-hrd.appspot.com/blob/get?blob=AMIfv96UGzNSQf7Gaueh0q9Kl3p6krlVTDGcg6G_T2oKtV5Q4jZ8U_JHp0hAubBPGUqebAjnvIlDq_AojS8B23snM994u4Z0__gtLcbpLszUIEFBWolPgEWj5Xxo2Mey1kIZ7-1Ti3CpZeMXA7Y4yOg52SBHL_yG9SQb4eAm_jU6Lfq7feN5XMPX0JFBBJgT-AS_rPK2GhLU,"KAITO, Miku Hatsune, MEIKO, Rin Kagamine, Len Kagamine",Flat - Bag,,false,,1,,,kaito miku-hatsune meiko rin-kagamine len-kagamine flat bag,"#3367CD",56
https://mementoserver-hrd.appspot.com/blob/get?blob=AMIfv946K8FBBKLTXiFm_ek_cW-vQCQq-WyjyTcIenn18FR45vZIPz3Gsds_21_ACt3lVfyzxzMzy96tHYkDmDtJxNZPsbQcez9SP5wN_4K1PKn-1S6BCyUKeovVa4w9EfTTOtixEnJc6L0DUkbOENwKS1WBgbftiKipipBHNiRP7W7gE3SeqeRR-Gkdm3mqoH-3DWg4fjiS,Miku Hatsune,Plush - Nesoberi,,false,,1,,,miku-hatsune plush nesoberi neso nesoberi-plush,"#33CCBA",57
https://mementoserver-hrd.appspot.com/blob/get?blob=AMIfv94k98W2jbEl8erNoJollU5CSinthwE6hu9YLr8HwocmBC79HoBVxlAaL4fKNOjKQxZz3PY7MGEYMytZ-6plmCglTOibdVtOXcRsX3WdvY0L36poWm53qnWXdIo_iMxA3MU_L5d8tn2WFXRwvHFCnsMBCuVFR6NRSrngZrc4V377aCrUFfvVP8QyxbaUiqEQSOKznEti,Miku Hatsune,Plush - Fuwafuwa,Project DIVA × Factory Tyrant,false,,1,project-diva factory-tyrant factory sadistic-music-factory,,miku-hatsune plush fuwafuwa fuwa-fuwa fuwa-fuwa-plush,"#33CCBA",58
https://mementoserver-hrd.appspot.com/blob/get?blob=AMIfv971ZU01Zpfl0kCJc9pYqa9lWXx39NFte7sT-vQcsqFSpV-n_8yUwV4Z8MkEo1V7dUlT3MRZTsK2ssIJRVqXUCOgvuGsPt40EyAK1PUxkkNvi8f3w7Mmnukbk2T9ulGTm4Mjg3Nnh03uTwR9loSXQVDX3aPUBsPeSaKfTcLRZNadofoMtkS9Goxcj9cviyNWugpv3Zgi,Luka Megurine,Keychain - Other,,false,,1,,,luka-megurine keychain,"#FFBACC",59
https://mementoserver-hrd.appspot.com/blob/get?blob=AMIfv97jtuASE9xKVStyGWHWu9m26OOfiw8ONESfTFgGBHKmoNszzcipf2YObsuQt52NWyM75NK7nxuVprfbwfa5HXVqU_-PCapuX1MJRzVq57tA8QO5dNgZUR6criCuK26aoypJkzVnD9Vi9aSMuCqZj1eYNlGB0ynunauVYn5qr5RJJtq7hbfXUb0L09wRCPr6ziyaOlln,Neru Akita,Figure - Nendoroid,,false,,1,petit,,akita neru akita-neru neru-akita figure nendoroid nendo nendoroid-figure,"#FFD700",60
https://mementoserver-hrd.appspot.com/blob/get?blob=AMIfv94i6NR5YUk7gD4st2Atk6T9HsFMyki73AQacEnKdTGv-z1q5GS18JlywnvDkuwXN1oK26Ge3ryZlCLYAQHtr4mQIMiFHiqlFgc8OUyT4yztfooFZtvG0FukgnMUO4aB4sxb4U8Ol8phFJrF-cDMQ19Rpl4u2SGLTNrlZksFzK99Fl4qWDrzOFQzX77Rc6eHlWD5ot6b,Rin Kagamine,Badge - Can,Magical Mirai 2021,false,,1,magical-mirai,,rin-kagamine can badge button pin can-badge can-button can-pin,"#FFCC11",61
https://mementoserver-hrd.appspot.com/blob/get?blob=AMIfv97fm-ivLlMQKBax1PRu4F5UWBPX8ueUZxyKP7yR5NdCRxUrquS6O6Mw3cWjbJViVzv7MC2T4YSI8kkTdDNWXmsT1fXnCGVKKymplyU0w6maf-GkGfCE3nNT_LH_0pdvbKbxOYTQA3I9HWSnuepCLZjfsLSrW97ZIc9wqaBcVZVoDoZTP3Lq3jvtgKW7QVOqa7XXLJsP,Miku Hatsune,Figure - Nendoroid,"#212",false,,1,,,miku-hatsune figure nendoroid nendo nendoroid-figure,"#33CCBA",62
https://mementoserver-hrd.appspot.com/blob/get?blob=AMIfv9621fGHPWgL8AYE5rQ0sQB1m2QXc4LSoLt-rUSPQvjdObHygtmhzY1KmcWAV8R3EHqwjaZe8I6D1C23_0OEfmJGuD893MBDdJ02FZVvsvKaUgrwVqtuFjePD9iERzyEnY8ibRUsk-lj8_LB-s0cXi0ej9450fnS_BX2TpaRptwX5ePfu4oqygNtK2-j0AGKWYvM22sy,Miku Hatsune,Keychain - Acrylic,Magical Mirai,false,,1,magical-mirai,,miku-hatsune acrylic keychain acrylic-keychain,"#33CCBA",63
https://mementoserver-hrd.appspot.com/blob/get?blob=AMIfv95M3UOMOpb5LsyLGSHaRj3Zkv3eR-h6vQzNHvqBKsFwVun3bVIpQvzwSA3ToogxuE8fO8X3QK0G91FkXzZDLxpXwxmYBNsGPajaoA7QgIZv6UdV5Ndz_GQt5QZlrql03GFVKA4RYc7E4l27qcPkFz-erudPrjfizqBOYErgiWJRZpANQ6FGGX9_EBw47f8yniy5HO8J,Miku Hatsune,Badge - Can,,false,,1,,,miku-hatsune can badge button pin can-badge can-button can-pin,"#33CCBA",64
https://mementoserver-hrd.appspot.com/blob/get?blob=AMIfv95Mk-DpC9x3z1QU0kYyT6b86JGGuVh1mDqcze2fRQGH3ixi4SeZv4jCC8pQahuoNoRGniQMap2d5fhwrem4wkzVLkqto74PrpvjfR4zfqNAAaRKSmpLt2UoDrkwkXPY3QgJBfC-6ItlfRMjvUsY34NOGHrX09yU-swQYy49as--IO08qqDJK9YeScOld0g1dqE_coQY,Miku Hatsune,Figure - Prize,Doll Crystal,false,,1,,,miku-hatsune figure prize-figure prize,"#33CCBA",65
https://mementoserver-hrd.appspot.com/blob/get?blob=AMIfv96LyqU5yTjZjqQYiKtE-4h6t5swZ9XgXru8-HWQsm6M9E9mAnzZDiY_zuUKrS_CPbJ8ubVAFz6KtZlpR5c1MtEgpO3_negspT5EBEoyn9L-tc547bZJLk3s1kCC9J0cl85ykZ8EUj2EY8UhW6YL3U1G2E4Vx9XLMtVzV8rC0JeXVOqHa9R-tV9-3ltJp_0blBR7niQb,Luka Megurine (Snow Parade),Badge - Can,Snow 2020 (Snow Parade),false,,1,,,luka-megurine snow-luka snow-luka-2020 snow snow-version snow-parade snow-2020 can badge button pin can-badge can-button can-pin,"#FFBACC",66
https://mementoserver-hrd.appspot.com/blob/get?blob=AMIfv97P3JSSQjKWMp0_G22cWIkGAAOeKcxKpfnYayk5pd43eEA-9wqXS0YlFng_geXs3oWOnqGt3vfPXklrfRgahb_DrPOtgFKMDKdODhyKxvcwFdU87-8GCb_CWi404Tazl-2es2-_LL0RE0yZ0ENolLVlmxvYYCK6kHH_5I3LXZJ7cylxsKrTrtYI8neufSiDJFXk1ldR,Miku Hatsune,Badge - Can,Miku Symphony,false,,1,miku-symphony,,miku-hatsune can badge button pin can-badge can-button can-pin,"#33CCBA",67
https://mementoserver-hrd.appspot.com/blob/get?blob=AMIfv95MfE_r-AratQCxCg7_u-QvwEvOALImPSNAEPlbEtuMTypOdL2-tTTfBdlx6xF_AU--TQG_7fJcgu4ngCHx4Si_rxZ41aHXa40xcKXQKaofGOyUslWWPa_TIKyYs7QHcA9yV2qJo05MwtzUrKdbV1WtBBNQilG-lzAcyJ0RB-KZ68hVv8So1wZ8vedMh6I3s0gZQa2u,Miku Hatsune,Keychain - Rubber,Magical Mirai 2020 Winter Festival,false,,1,magical-mirai,,miku-hatsune rubber keychain rubber-keychain,"#33CCBA",68
https://mementoserver-hrd.appspot.com/blob/get?blob=AMIfv97HekYwgB6RvqBz9enfVgERIPvlZ-kOJUrETYvLkmLXJLl0taMfP2uOAwrEgDffwMDqhNyCnaQKsYmjpSujYmfGTm3zf87VFu61j9qy0pdkVyqtzAqPCPTBqoKCTEUwu_mRo4MWrhkBP2VIXofTzekuYv0fZ-eksDPi0QQ92IcyvdxE5v3sdXbra3gzGrjpEAT69z2v,Miku Hatsune,Keychain - Rubber,,false,,1,,,miku-hatsune rubber keychain rubber-keychain,"#33CCBA",69
https://mementoserver-hrd.appspot.com/blob/get?blob=AMIfv96V7anvDbbWOgbod-NlI2ZmeEVNmC8nDW41KfHeEZ_GIjlEBQnAYNKldm1zdNudNv5SlbaAZ2tenjpccHbmRL-PtGyuVFuKD_ODG-JqDQ5kchQpA97syyXcDhvjgAkr1W_fSn75sqqaUVoRjjS4GZmzZ6eza7fk0wefzlIL-QJRltPaaJe-U-uSP90wb_ewkPu6bfOR,"KAITO, Luka Megurine, MEIKO",Keychain - Other,,false,,1,,,kaito luka-megurine meiko keychain,"#3367CD",70
https://mementoserver-hrd.appspot.com/blob/get?blob=AMIfv95g0UcFYqh6lolXy81l-ykZWGY18YKRMT8dUx92QW0wdhYTVkL6zebzBSkqElSeFVqBwO1MDgj-izkfHUXgfkg5J-Zyom-WK92SweTQqc0OI8CG3BNQpZQDoPqoGjFXw3QqG-pKIGVBIRQoUtUj6u-So6rE1cXnocmk6A7E9Voxbp9e4hj8dW4fBCx27jSR6P0KxusJ,Miku Hatsune (Snow Parade),Keychain - Rubber,Snow 2020 (Snow Parade),false,,1,,,miku-hatsune snow-miku snow-miku-2020 snow snow-version snow-parade snow-2020 rubber keychain rubber-keychain,"#33CCBA",71
https://mementoserver-hrd.appspot.com/blob/get?blob=AMIfv94_kYSm6mxysnbXiWfRYuNjInhYUQyDC_w04RG0l0EHwS1itE1FSWHku1wx39PW0sr9UIB8Ag8lY3vuBHhvy-mPwQeU6nIym7i3B9dP2RyhrOnIYdSGD8l4-N7QgtqKrgbwl6PbqVhZyq9gKL_idYrwiQqstjLnqRog0jQkl3wI9q3ee25-9g9nfW3MHeDQSCOLll_n,Len Kagamine,Badge - Can,,false,,1,,,len-kagamine can badge button pin can-badge can-button can-pin,"#FFEE12",72
https://mementoserver-hrd.appspot.com/blob/get?blob=AMIfv97WTR8GmvI5geqhz5DCFTdAn2xqGwfeZOs0rC1XIs-pvjeuond7_rPiPJdT9fKu7ZYhmn4J2f3Q43kVMvc_K9xMQMpvIGnNMSNZXtmqtDTW4TLFbgT59ui7LXrImpn_kYM41vKsG3GG0T1MCzk4Gll560AsF9cEIvNK3rjIJE_M183XxKode_ILVsWkBxhVL70CbnVQ,Miku Hatsune,Figure - Prize,2nd Season Autumn Ver.,false,,1,halloween,,miku-hatsune figure prize-figure prize,"#33CCBA",74
https://mementoserver-hrd.appspot.com/blob/get?blob=AMIfv96A_tJGj-vgdinIEpLyE-z2nnN0r10-_p61cYVH9udF_l-NH2mQSJnbwao9QbxNWnwC7UrU98diDnwDTrK596Qc-SorxEnneB3Eh2gcWk84HsvYcgDbaliroIAJXiDxPM6kiwr2RvJZNKvurpoiZP_68e5BJ8w6y-UJogwQte579iIMvrVH7adZ8J_8SA5NUuZgYYDq,Len Kagamine (Glowing Snow),Badge - Can,Snow 2021 (Glowing Snow),false,,1,,,glowing-snow len-kagamine snow-len snow-len-2021 snow snow-version snow-2021 can badge button pin can-badge can-button can-pin,"#FFEE12",75
https://mementoserver-hrd.appspot.com/blob/get?blob=AMIfv949uM-RZIEzvWTTkDUG2sIl8RDVzcmBhqS8JbxqMAy4cA6KDyFF_44rAUifOdN5S2PjjGiPyfepT8HZ9iquRR_6fIALWwk-tKUBgceQ5R1BHXUDMYGPqER6Xy0mF2wyADDAKqFPbIikW2Td_fD4uVBD_P95dUp6ZxT0YZc7utvp1mzitJu_uK2iC_j2jvVEAta-WJGw,Miku Hatsune (Snow Playtime),Badge - Can,Snow 2011 (Snow Playtime),false,,1,,,miku-hatsune snow-miku snow-miku-2011 snow snow-version snow-2011 snow-playtime can badge button pin can-badge can-button can-pin,"#33CCBA",76
https://mementoserver-hrd.appspot.com/blob/get?blob=AMIfv94HKC8lickrDzSgLpxrxLfqbsAKHqU_1FlSRld5V7K4HUoM0_8nS6xBCiIsT9HkimdrtEQs42u1PEWUl0T62PwTSbDnj9gkrfX4Iy3wIG50hteFuMBIjYKNGYfnTjNdCmYp_UvC78rqHxr0BI8K3ByRBYvIgWB3ZKDDRT_WwX_fC1p-bd46agvkfTIjL7R1Uc_yT-Oz,Miku Hatsune,Plush,,false,Tokyo Otaku Mode,1,furry cat,,miku-hatsune tom tokyo-otaku-mode plush,"#33CCBA",77
https://mementoserver-hrd.appspot.com/blob/get?blob=AMIfv94aaAJj0ndraqK169kXudJoTQjrvnL5TiN-1dYc0NdQUmj7da2mPzgWzQhvi8_5tLcZWoH51tJP6w1vhQGt0FGUJGu2ZZHsOb8CQOJv0k7yVWpdNolVmDWkLsC4ZYlbou1IGrZRbxL_MU2uvr6bP8ZdFld-Xmpc7AP9G_NCWTDy4hsZfbhPXMHbLLw86juFgWBc97YB,Miku Hatsune,Keychain - Rubber,Project DIVA,false,,1,project-diva,,miku-hatsune rubber keychain rubber-keychain,"#33CCBA",79
https://mementoserver-hrd.appspot.com/blob/get?blob=AMIfv95CeSN0wuIHZ1L_1TPO8qVC2BH5D6hejM7pjZAglNEUM_xbLnlVyUTr-iFTRqCxdb1VjX0T1vqOf39hSM8UedRwEPUKpwAeVhM_fJLIgDVMRc-cTLjA7Bh5Cn3SkfQfvD1ym5fJn9BneObck31qD_9FKDeGX1cM1_34JIOOrpoQFaOb_XbvTgKKP9farhOm0ZyMN2Nc,Miku Hatsune (Grand Voyage),Badge - Can,Snow 2022 (Grand Voyage),false,,1,,,miku-hatsune snow-miku snow-miku-2022 snow snow-version grand-voyage snow-2022 can badge button pin can-badge can-button can-pin,"#33CCBA",80
https://mementoserver-hrd.appspot.com/blob/get?blob=AMIfv97AWmKxN-5HZs1v2-JeNoY52Gaynzzst4sHZXQ3RYxTgR8LkUCZw5Bd0dghHOuVKswkpFV3AoOwDcU6hhfLX9vubwfdb2LBFJwHLXYviDMUWgSCb79NWRWp2jqiCWSQrbdYvBSHFiZvKbZLFRelFnrXvdLU9r9tcQkXmGuzSRRwb7JU3lYxgB6z8Q4XsnAEHU3MtQjI,Miku Hatsune,Keychain - Rubber,Miku Symphony,false,,1,miku-symphony,,miku-hatsune rubber keychain rubber-keychain,"#33CCBA",81
https://mementoserver-hrd.appspot.com/blob/get?blob=AMIfv96eTTq98gWjkkCApRgQ8bxTlLzWSptqy8I6SMgOKDkdTf2VnRDK8JKuKzTEytalTPhSS0Oqvl-VBm3nHtO_aknCLGXRCt_m84YnTh5qqZ4-XLywVEhX3h9XGDqriL4e3d5SiNSU3zL7tFL8_Pd854VsDc-8BK6RTS4RKMgJO_7EaD_uaHsnj9DaJ0f6FhsmewIeDp5g,KAITO,Figure - Nendoroid,,false,,1,petit,,kaito figure nendoroid nendo nendoroid-figure,"#3367CD",82
https://mementoserver-hrd.appspot.com/blob/get?blob=AMIfv96CqDDb0bBrIJlysf8xOGk7fNBXYcKuKjcSsZfrRx-HLecbJd8weEq-TbV1we02BW098kI29S8X60DIbMsFrEXOH-xprg2vUdMWYt5O1PZT7J1o2nQkp72mR-_Mblbaf9IA3y67rUeGQvAf37TWfVmXrfV97Xf-panBbRsISaJRcCr9ZlKDZKs7WSlc1HQN9KsG0bY8,Miku Hatsune (Sakura),Figure - Nendoroid,Bootleg Sakura Miku,false,,1,bootleg,,miku-hatsune sakura-miku sakura sakura-version figure nendoroid nendo nendoroid-figure,"#33CCBA",83
https://mementoserver-hrd.appspot.com/blob/get?blob=AMIfv97-as5hD-qGyRbcB5Vxb2UheBXNs0wpAtjpoFrAfdjC1YfUi9D_TvewHFnRq9zs4PfzptLJ0Ion1DHM-1JAN5P5QViv2JjcubVuY6i0IKA4QDkY5CHQQT4LcK2z1Avo3mPZm56FOjaBlB5uo6cjqFYxFaPBLSIQyar1Z-ME11Ya1JaHpOW5afkhPzWFaTgek3vPVHoy,Miku Hatsune (Sakura),Plush - Fuwafuwa,Sakura Miku,false,,1,,,miku-hatsune sakura-miku sakura sakura-version plush fuwafuwa fuwa-fuwa fuwa-fuwa-plush,"#33CCBA",84
https://mementoserver-hrd.appspot.com/blob/get?blob=AMIfv96DeK-UcvCJeW_R0_EHpqiXmJ8hiK7hTtFt3xdkDyP_fmp262GmD_pU2M3xr2fJu-QzeWhxRSiy_UxYGNl7KZRheurW7BXmC4zA3BdWGIVsZk5DcmekQJvutXYfxr-2EENfB8o1HhvRrm-coo0CD-kx2BF4cs7VpDrSg01algZzUyw9NYMZi_NhdSD-22gXmP0SBmzU,Len Kagamine,Badge - Can,,false,,1,,,len-kagamine can badge button pin can-badge can-button can-pin,"#FFEE12",85
https://mementoserver-hrd.appspot.com/blob/get?blob=AMIfv974p-NW41aHbckgfMhMvk6mUou4p3wZ2pGgC7zU5SDWEp9zMdagUq0dokyStgPFQOBdpiJXjHbErmiFJQa4AxJzBKQunulmr3epERPFw5j54yQLotacCz4VQsp7vMhMX3tZDIdIYRLmviYPxydsM4DdzCKrBEjZcMonYSlAvcfvRVvBEoO2RQPAPm2XcyhONvMM-Y9Y,Miku Hatsune,Plush - Fuwafuwa,,false,,1,holiday christmas,,miku-hatsune plush fuwafuwa fuwa-fuwa fuwa-fuwa-plush,"#33CCBA",86
https://mementoserver-hrd.appspot.com/blob/get?blob=AMIfv97hakmmBHtMxlsLZkIiGBQCmsZ8ULAEWL6I8PjJVcIub9n1I7QvMYBZjBU26bCCfUlO6YGVBCGl2He5jtQo1OlC4WJr7d9tpQA2zJyQiC8V-RXy_yuHb87TW0-BSrtN22s5k5GX-W_CsJRkyL6IIwCkL5an4PC9FNaxF0kMWljKYbJNvK8eo7ihIRapQFjBy_DZiinR,Miku Hatsune (Snow Owl),Keychain - Rubber,Snow 2016 (Snow Owl),false,,1,,,miku-hatsune snow-miku snow-miku-2016 snow snow-version snow-owl snow-2016 rubber keychain rubber-keychain,"#33CCBA",87
https://mementoserver-hrd.appspot.com/blob/get?blob=AMIfv944O-9jK5IdzThNL6s6kO6Zggw5BkP83PEMijRlNynF3S3tTFmn_Z359HAN2Jhp_HFGhRXhXOT5oNP1cXCIOiyX7pg-dviOYI9GiHPUma2-7p6Gy6VIa9UhdtvgJAMxsFMecjJsalRGqLp6izdJ2gGfWILakCg6rapXbMFVPFimPP8Ve82fnTNMslbxIWy1q7-tM9T1,Miku Hatsune,Badge - Can,,false,,1,,,miku-hatsune can badge button pin can-badge can-button can-pin,"#33CCBA",88
https://mementoserver-hrd.appspot.com/blob/get?blob=AMIfv97LaeZf0VyJCJSgwQKD2II88JjMfbIqxSJBv69k66QQLD5QDI565nl5Q6QZluRC9QoY8wzpBw8_ECKvHgxg2_d8oKZ6ex1FzcXTyULZeaWzm610l3dTksHv3oIa9QMc-KD1zjsGXlaZOGLZ9_uCQjPCyDTrpWdFoNm-F1a9VAuNJNWuEktUXcxvJUvx_EntStdtZmwV,Miku Hatsune,Keychain - Rubber,,false,,1,matsuri festival,,miku-hatsune rubber keychain rubber-keychain,"#33CCBA",89
https://mementoserver-hrd.appspot.com/blob/get?blob=AMIfv96Jb-y_JbrX1F9WP2DmIdIMo2hIctVx1-vDKgqn8VQy0eON4LfzD-Cys4J3kY_HHxCqwAhJ_YXcR0ZPUNuTel0XKofEFXoCSGoGphMiUgJCEy2439T0HopVgwlavE2fyNTxhlZK9DTkIopRScJcoRIW5MS0ZeSE6ZnonzP54Z19mJyoCLv2RWQCSYWgvEzJe5iHwu-Z,Miku Hatsune (Sakura),Badge - Can,,false,,1,,,miku-hatsune sakura-miku sakura sakura-version can badge button pin can-badge can-button can-pin,"#33CCBA",90
https://mementoserver-hrd.appspot.com/blob/get?blob=AMIfv94Nwt8-FOZm_-kO12zQdFiwXeEdwItbzC4sLOoJ6YiZLrlu742K7meAc8kZAYPjUgFlv3Ln_KgYWULNmHx4BcvPWQuj1jKBsZ_ZPfTTRG9oQ2iiOqkNe8R7GidsgZRQX-ogxdjDxM2g2yqOdpjDiWjUGRxp5xATHYhi39_U1C5LSlNXlrLMEBPmRnQhn9sDVQd0EOgk,Luka Megurine,Badge - Can,NewDays,false,,1,,,luka-megurine can badge button pin can-badge can-button can-pin,"#FFBACC",91
https://mementoserver-hrd.appspot.com/blob/get?blob=AMIfv966yjZAY0jsa_iRLEWG3LwECeuY6jWKlhoAjWqx4EIAZDLlXqYqtELw_wlwKejKIDTuKI-SG9AmbplKCu500zkESMxioAmEZbuJ5_c-zsMQVuQ7w3XFK3Lg9qPhxyMEqmPJjeqTWGCY70e005dY_u5KYNOzQRjMCl9KeOvqFGMV-A7_aJKjARGlyYkBTtfBYkZfvzhD,Miku Hatsune (Grand Voyage),Keychain - Rubber,Snow 2022 (Grand Voyage),false,,1,,,miku-hatsune snow-miku snow-miku-2022 snow snow-version grand-voyage snow-2022 rubber keychain rubber-keychain,"#33CCBA",92
https://mementoserver-hrd.appspot.com/blob/get?blob=AMIfv94R-9p3JGwCMmcPloEpBUutd7acNjUBHUyinvbAoxZucQLXxJykb1CRRTRpT0FizFlHCAVY0mU7NExXc2rtKQvBb7-VID6p64HM9TPGV4o11DH5inykhBuVIoarUYzA7oWgVj7wQ0Un03Gci_b3M4QFEnhOfqzyaBuIw2frEBfD8GO9VjPWKFBJiN7WWIH8zAhm-qmV,Luka Megurine,Keychain - Rubber,,false,,1,festival matsuri,,luka-megurine rubber keychain rubber-keychain,"#FFBACC",93
https://mementoserver-hrd.appspot.com/blob/get?blob=AMIfv96TX4xbhQ1iTtDBs8PGeFt0sHTTNv1AJ186X3O3bPIMdT90LvC0cM6BnyJOwPutOMzfCbVzJxyPDFtcIFgDto1PjKhtvaMOh0DJiy8CCXxQSGYi7W7ipTM-iEQawbZhbe_bthm2r6MJ0n6_NceKVDoVU931raohvDjde1K3Bn6A26zddHn0viCMM235_CXz3ijUFUmH,Miku Hatsune,Plush - Nesoberi,,false,,1,,,miku-hatsune plush nesoberi neso nesoberi-plush,"#33CCBA",94
"https://mementoserver-hrd.appspot.com/blob/get?blob=AMIfv96LIhpFox_SdCxaY7f7FByUodY2KfP-bPU_niNa9PQXTA_8PShhVU9zH7w3PToncZb7hlIf3nXiGnAwpvmip8KsbtZtNvW7zEIZPsgU7YU8i47nzjGC4lrnD8s9P1lBXLcrpGDUDJhrUJcoPKn9OvwhfGP5Uj2GbsvyJCgIBmOLZGEpt06mUvtHNfmF4VbuyRaWdsc9,https://mementoserver-hrd.appspot.com/blob/get?blob=AMIfv96wVYHz0G2rJoIZUC61hEnww0Z5Yz2I_KZpaDjJZb5SRY2gOOtjJLc7tylltaILTiWEnJRhVvwYdVzg2Pl3fgrMkPpphMMdfDmQJtqBOGNkNtr-EZli0asBU11v-y33gjhAEHvorcrmnBcm2QQpefBKcqmqVtHDVU_zyUn8N15vtAM7w6ZH34UQx2GYd6efrO0DGCt8",MEIKO (Grand Voyage),Badge - Can,Snow 2022 (Grand Voyage),false,,1,,,meiko snow-meiko snow-meiko-2022 snow snow-version grand-voyage snow-2022 can badge button pin can-badge can-button can-pin,"#DE4444",95
https://mementoserver-hrd.appspot.com/blob/get?blob=AMIfv96FnHLLUxySyhS1BH8wQ4htxa9wNiCE161jLVxkQgfCDVFEFQHIv745nfDnViE4g9MhgeIh2U053kIK45sTGSLet5wffVUozisTFCUGteS4Kl_GlY3AZmiRyOwk86lZ-acUZQ9MTjsNjcg9yNA8HjVNT2tUyq4JVMGYXJtYMxZvtIHtZydb6GGXTzvuRZgDaqcPUAnZ,Miku Hatsune,Keychain - Acrylic,,false,,1,fanart,https://mementoserver-hrd.appspot.com/blob/get?blob=AMIfv97-mHjK6AnJ5F4iOMFm3thWPwHDhPi_eN2nTexurB2dCfsN7QhlrewaEjihsHnb9KS8EccUd-8ZFO2N3C1j_TaKf3oRpnthIGcnRsg8q1M8mkuLb8iE6RrZKKCDwcJRl3Fan10N0Qdz2mKjXFX967W0r2LVQJzOJaBGLm_VIDdy3zKkUPjzCcdiiacAaQ1v-uWC9ilC,miku-hatsune acrylic keychain acrylic-keychain,"#33CCBA",96
https://mementoserver-hrd.appspot.com/blob/get?blob=AMIfv964AltwcOqCfq02xmEw_d5rjThuSLflYkAGJWAG9ySJNmw7R5HdHPOc9vdkex5RzIV68u4JvPjfBFVsoqsBu0MWlqM34ZKekjcfIwgePgX3S_BHEKXw7W_E9bzfOqzSZS3dYAQ_a1C7BJo4It59bvw6oIVniFGKdYvHANYAY-HFxNyrtteWsSsH7_8XYlJIOWVoB_Xi,KAITO,Keychain - Rubber,15th Anniversary,false,,1,anniversary,,kaito rubber keychain rubber-keychain,"#3367CD",98
https://mementoserver-hrd.appspot.com/blob/get?blob=AMIfv97eA5WTHLp8N76slThoEqtHgRZuvZdbpad-_B3UMUWsRgtdVbF0H6kMAhEUKq1_gVkG0pvsXtOfIKUKMh9dTIkibUhyp1DwYUJjbXDekV-hqnLL00IgmL4flkkYZatxBBNqMUdTwA_Z6BI13C5bTVFJ8VwFxg15ry9ldtac0KZPm53_sDVKzrSKcshVJRSgKcP7bu8o,Luka Megurine,Keychain - Acrylic,,false,,1,megane glasses,,luka-megurine acrylic keychain acrylic-keychain,"#FFBACC",99
https://mementoserver-hrd.appspot.com/blob/get?blob=AMIfv96q17PZcURG-hlUfpTdy4D9jyDqJH86I0X5L27evEsw0FzQcIUPfssMV4dalqvJoIdfSJxCyO1UFKVNBEh-LnEB410ww-3V0j-tko6WggOwOJMyKMg_c_kp5xON5gXC_REdQ1iYmfO692_JKALG_eJ133W-fFG4MP5j2maVhYpDMr8MKvPmMoZ7hkRm7_uf1RSW1iLz,Miku Hatsune,Badge - Can,Magical Mirai 2021,false,,1,magical-mirai,,miku-hatsune can badge button pin can-badge can-button can-pin,"#33CCBA",100
https://mementoserver-hrd.appspot.com/blob/get?blob=AMIfv9545d2T7RCqUKdfI_svFERKm-enmGywFGiCayVRtdl-jANTocwLtiRPqQs2s4sUPjVxpm9NiJPf9_cym-dGzE_LjUHYggoG9AWNz4YnYso65wSz71jPGQIADwAz5nCapbYr-UtG82xOYTIYApUiIfCVSS2NeRmUCRbGYyr4-RxfNnvJDD5uvbecRtv4NyH3tHlhiCTy,Miku Hatsune,Keychain - Rubber,Magical Mirai 2020 Winter Festival,false,,1,magical-mirai,,miku-hatsune rubber keychain rubber-keychain,"#33CCBA",101
https://mementoserver-hrd.appspot.com/blob/get?blob=AMIfv95lPveuhNLT2nTXXn7lfONTd5h_oqYpNty2sK-bNwu9_hzGmkeoclzZ-WEj5-K38f2j4oL001WmxumsLFkhOxFnUVfKqzPKXyHjQqvQTBO_-JGjsZrla-hxJX-rzjwt60ons665z3gEoDaSxozVso0vOUTWx8T9PDLJD-H9oJsOMBEHL6H2YUKm-n-J8RVTAnucLSyg,Miku Hatsune (Sakura),Plush - Fuwafuwa,,false,,1,mini,,miku-hatsune sakura-miku sakura sakura-version plush fuwafuwa fuwa-fuwa fuwa-fuwa-plush,"#33CCBA",102
https://mementoserver-hrd.appspot.com/blob/get?blob=AMIfv97_9BaKeWXCiLHa9UgMAhLjtlzqhQEXAyD1zvIoNHiZzgEjfESmlb6jdeHF4tT6-81py_3hW50zGS1pCSlB47BJR63kUHScqfc21VEGkFTs3FcWI6UKsaIQjdXCajbIH6vA8qnSLIPy97vX2vt672QC1GSJfP266qeM9hH6SmUPJYSNZgwf2fwewpbfsx2OGEFlxUcU,Miku Hatsune (Snow Owl),Plush - Fuwafuwa,Snow 2016 (Snow Owl),false,,1,,,miku-hatsune snow-miku snow-miku-2016 snow snow-version snow-owl snow-2016 plush fuwafuwa fuwa-fuwa fuwa-fuwa-plush,"#33CCBA",103
https://mementoserver-hrd.appspot.com/blob/get?blob=AMIfv97Njsf1eOxzILCGhEifu9BkqZ1kURdo4INaiAw8LPahaMvVRryuQ47RTtswSNhtLXwQhQmLt0Rn-caLJy4I5VW1M6tEImQbpyj71RJ3kfD3tdNGpJUqoRNo6TGDq1ageF-61OK9NzLWPLXsTWGIHY6V1z9n5vEmSgg36rwQOoo9wwfVUoWQzYyAldE7m7HQQGxFO94v,Miku Hatsune,Badge - Can,,false,,1,,,miku-hatsune can badge button pin can-badge can-button can-pin,"#33CCBA",104
https://mementoserver-hrd.appspot.com/blob/get?blob=AMIfv97hmr3ZmtRmnOKLPOBa0BdcueRwy01gi0aucKsEAXts7l16aikinWteSGjNGiPnZ_xXPr1A8xbdMhY0k0BM1upBwvRvnstKq6c_3e6lz-FGkHmxP0_HyTf1izLdDHoyn1d6d-3jX4_Nd5sj2sb8zFTg1-WbfxyIvny1nMk0tj4yq-8wk6mkYtyqDU9KzgKe72Zpht2z,Miku Hatsune,Keychain - Other,Senbonzakura,false,,1,,,miku-hatsune keychain,"#33CCBA",105
https://mementoserver-hrd.appspot.com/blob/get?blob=AMIfv962dWMSb3yu2TazcDiD7j5VbeDsY-Gue2ZAtPm86qrQYX93W803Kl-bvJ_kcNCH4BjlVMGAQRTHfC_yqXS6y5lgKhuGHScRubGendycsnD-377YH7LIE10t4IWzBbpsVYeD6MkeoOg7YnwJ6UBfyrjqVIHS6wCfoMOdWL3Wuuo7cNowQC0S0g3LCGI55LF69EOjal8f,Luka Megurine,Badge - Can,,false,,1,megane glasses,,luka-megurine can badge button pin can-badge can-button can-pin,"#FFBACC",106
https://mementoserver-hrd.appspot.com/blob/get?blob=AMIfv94AAajbok68ucdgO2_mDt-c7-cxjya9vGeSenko7LLREN1MkbYW_fBz7YalwJdMX4IRmRTlyUX2UZrE--fG2vxFme3VjiX0-lAabV8XfzxgkzLifUjmiOdSubMzAlzFsuzEhmfTkw9W3aVx0n8GLGYOmzrS30EPannPsVWjHXQq6TVtLg1B7wqcri6rFTSUmYNF2hgK,Miku Hatsune (Sakura),Badge - Can,,false,,1,,,miku-hatsune sakura-miku sakura sakura-version can badge button pin can-badge can-button can-pin,"#33CCBA",108
https://mementoserver-hrd.appspot.com/blob/get?blob=AMIfv97jC0jJlZKppONkXYOQwvM7eYuv0t3CnHDosBBwFCi_Zb5eNb-euAdMdvLWTfBUu1CHYb34C_PijLDyKhZKARKOi77p3uh5Qtam5Nl5Zv69rwfiokdHvKnoHPJkeFAgrBSed5lyfED0nDEue0ktRrleSLSFHiTLuTt35pQvvv5bkN9UvqAEhFaFECQAkv4vgkHMHK32,Miku Hatsune (Sakura),Figure - Prize,,false,,1,,,miku-hatsune sakura-miku sakura sakura-version figure prize-figure prize,"#33CCBA",109
https://mementoserver-hrd.appspot.com/blob/get?blob=AMIfv94-D-p935Bs1nnscRmNiEpSuBZDLwWvKdeLayjYiIM6pcPBl6TOJg8DF-fV1oYr1jdPZMBLY2dZTYi854pmlIf_0EOgJHXBWKeHjDrjFMJ8Cq0ubuv6Ku7vriPlHm3Ja5D591F-B6-ulDPvScqtxwMbaqJaJqdnO1yoB7FR48OmVzghTUQ2cRQeWsubjjteBkxH9ehp,Rin Kagamine,Keychain - Rubber,,false,,1,furry,,rin-kagamine rubber keychain rubber-keychain,"#FFCC11",110
https://mementoserver-hrd.appspot.com/blob/get?blob=AMIfv95URBcRRnjfcB9aq4jAIlnTxfI7aFqIkRwkeZ7qeeeRqBA9UtVm9WTiyeUUlWh-gEha8cYL9cRzC7llAvuKAXSZR3Mxg2je7l96IbBwNuxEa172mthoqoulaGyvnCWpRLNkLFntC1WBlst5l3lrUm6RDBafPc12PnC-fqSlU_22hn1tz2XUWbvIIROHj2dtLc5JoDCG,Miku Hatsune,Badge - Can,Magical Mirai 2020,false,,1,magical-mirai,,miku-hatsune can badge button pin can-badge can-button can-pin,"#33CCBA",111
https://mementoserver-hrd.appspot.com/blob/get?blob=AMIfv96HqVP_1ErzA4sVdcK_hBswM7BDTz0UM-LRQYZQQ0snKS5MD2LA403gB78_6IUTML38o-Uk4fT4bYaGMDyGdZ9kQm109VvaxV0bVTOZ8Adasw1aFxemWudTpyghe9Lf8PB1z8g1Wvzev06J1VwO1BkGgtMyMOqwPcDFLJSbMBhP1CcpwsJKbXSKxReWRR2ArBTMYMhX,Miku Hatsune,Badge - Can,Magical Mirai 2021,false,,1,magical-mirai,,miku-hatsune can badge button pin can-badge can-button can-pin,"#33CCBA",112
https://mementoserver-hrd.appspot.com/blob/get?blob=AMIfv97lStTvFHF5CGgISowdU_FvtdxelDcAIliS2iUalq_Ihl_1UUsd-XbqlhI6hb0LW7Ld-P3FSe63Cyqh47tU95yc_ozQ8h2HpI8ajn6ePSC2V-FSjhtVl1LKE-_Ls-Nvx9oSSGl8gMb21F_qbI1qbU8b1dFaBVd2eEvjbpzqioqE96jN83zYQ4LViOVDrMJM1laU5cQV,Miku Hatsune,Keychain - Acrylic,,false,,1,fanart,https://mementoserver-hrd.appspot.com/blob/get?blob=AMIfv9656638vZGgRmyYbF8i6LzwPIZ2TLXzOnos4awF4Z9bSeTiKG7wIEa9E2yFwqgdcus9fQSJ0aab6kdPywbsS_xaTGlqBKNb-rn4RoSVMfDGlVfchH3C3rX4_VT8POS1wltEreQ2-Bkc2dv_S-MBL4G0IFEmMLJt6QI1QalWh1l4ORWyALgT186pbMzPgcPig8DpQrE3,miku-hatsune acrylic keychain acrylic-keychain,"#33CCBA",113
https://mementoserver-hrd.appspot.com/blob/get?blob=AMIfv94nI_MkJYzX48eXE7TyQ8rF0LjnQp6j4-pJLo4S1Qvq6OgkIiILGQw2eMQazlNclfcVlPhjAxNNVf68tpalOdfz9HD_6SvsLicvZwkxHwwzM34Vc4KrFrxITngCT3M4nqr_TI3-JkGjwvZNFHtWZ7pZQoBTxoWNAv4iP1bMxy8ESjVJleA8iMFijtTcGXclDz6EwBne,MEIKO (Glowing Snow),Badge - Can,Snow 2021 (Glowing Snow),false,,1,,,meiko snow-meiko snow-meiko-2021 snow snow-version glowing-snow snow-2021 can badge button pin can-badge can-button can-pin,"#DE4444",114
https://mementoserver-hrd.appspot.com/blob/get?blob=AMIfv95D5n8yEjA90o93hm1v2PxIQN9FnE-xE1lZMrtX_Cvh2F-0BQ8ywHtCChog-7GUl9DUsdJRYXJDCzxyZVcyfX4pBYUaG7r2b98Q99o5EfKpZdAi7557lXU0fSt6P2H3WL5ucmQPpDR23kYbo18a38W_QSJEoDXjdVq4A2pyIMNuQV1LdJKzdURzBeZG2EUAaK8XuD7i,Miku Hatsune,Keychain - Acrylic,,false,,1,fanart,,miku-hatsune acrylic keychain acrylic-keychain,"#33CCBA",116
https://mementoserver-hrd.appspot.com/blob/get?blob=AMIfv96jEyS48aS-NjKr1nsBmFIgWQyh5e1_2qeumEpuWxx3w2WYRBBlhgZFspGMmEnhdPIFcUm8kYelJxyHn7dGcvlaBNi3OfUDBw9BjWwisItbgptdryg_iRNPguvmJhTuxa9X0q8j7Ql6QEFGD_bDzC61ucs7eJ7Xs3UIAzqkTdT1hpON8gEBDV0aeynXzEwTNhnrjw7J,MEIKO,Badge - Can,,false,,1,,,meiko can badge button pin can-badge can-button can-pin,"#DE4444",117
https://mementoserver-hrd.appspot.com/blob/get?blob=AMIfv96F66TP0ZO6LI76R6lyol4i1xGeY9X7Djv7tFehxmQqa2qXP079zRVcj2w7Dg6U2mNTYz-AFB5UOKtF2jboFrxdo38seqmesJ8qHfTxoZ1KNFImwse6YSm4r0ikyythaVs8nKF5jDQRj0OhNernKnvBzEz_25mO2Yy7i1UExKW4PyFb0x8a9jvnPTIbzM_LjWQa-xy1,Miku Hatsune (Sakura),Plush - Fuwafuwa,Sakura Miku,false,,2,mini,https://mementoserver-hrd.appspot.com/blob/get?blob=AMIfv97ITF9hKCMbChUszxwLN38--zZItcKRz4Me4UgWRCRmHvr0X7Tma5QDREKzSA-bPvXnIaOQKVqA6qWgZokzVDumjBFR7hdIfi4whoC1jEaNT0VDPVG7P9VlHNeg00r0pFFPdh7XmT1j06KAJywEonHL7zap6TpT6fxxmPs4Z3vImR7q8lgcsTFFDVlS3ecL9jc0-iZl,miku-hatsune sakura-miku sakura sakura-version plush fuwafuwa fuwa-fuwa fuwa-fuwa-plush,"#33CCBA",118
https://mementoserver-hrd.appspot.com/blob/get?blob=AMIfv97F5O76q9K0kApEhXNohkcxUMbPvWez7YStgi5cBXPFgVMZAfgSSNOQz_lw5tG_d_UWRnD8e6GNDLf0gIEq2Na0lEpWJUKiJFlHoBkEJWr68uFqsOocQr8bMx2J8y32RZtQOKBzzKCqhDwcGVdbeYNPcHkEQTBt3F3acMcU_reIYmQ60Inos77NJb5dFERwvA-X89P0,"KAITO, Luka Megurine, Miku Hatsune, MEIKO, Rin Kagamine, Len Kagamine",Badge - Can,Miku Expo 2021,false,,1,miku-expo expo 2021,,kaito luka-megurine miku-hatsune meiko rin-kagamine len-kagamine can badge button pin can-badge can-button can-pin,"#3367CD",119
https://mementoserver-hrd.appspot.com/blob/get?blob=AMIfv97KdfaXIio2jg2EPjz4z9y1-s3VpucrqoFNTqnt94cGEhc95AccsouS-K5m1VXewk1Z32SfqsxVO9eHKkhldZCx3c0AeQGjJwo4G1tY_ZqjPMkUu0rRIDzZHJ08_PIOZBnJvjbFNQ2d32pO6u3-fXohYbgmKfnKpG9MGzg5xJALManX4HDFTb2P_nz2zhSooKD0hOvZ,MEIKO,Keychain - Rubber,15th Anniversary,false,,1,anniversary,,meiko rubber keychain rubber-keychain,"#DE4444",120
https://mementoserver-hrd.appspot.com/blob/get?blob=AMIfv941Ww4H2IlBsRCnC_Bqnx9Hi_AC0drY_jTaeljTQwDfH0giFJpRq4UcOiFgx_5c5BMDx1KwkMs6oT-UnT4pI2egBxeWpJVBLI27mR_C64EioVau9nCSaNDtlIv-7R05M6Eq8oQeL1mDm5zNBVqc-l9dCTawxAL6kzMATx8WIwRLRP9ZY5wZWDnxhxNmuzxgU9R2H1k7,Miku Hatsune,Figure - Prize,Project DIVA × Pierretta,false,,1,project-diva,,miku-hatsune figure prize-figure prize,"#33CCBA",121
https://mementoserver-hrd.appspot.com/blob/get?blob=AMIfv946I6YyKK1BjKs1AeZqHwxFhwOO8RBjpsUvuZOOf4CpIWg7kf5kFOhd4AaMMOqQr5YWWbaFFtDLf70J-l2SuEZsfHg5XS_AVN_oMg01JCuLTDNSXVp8qtaeEhxGnUPBNQj1CbvfOvl8gc3O3Pxbc0utyBV5pjf4BatFlXKUwIZDUw63UPtVXeCT-9Gt_GZ-lWgP_-uf,Miku Hatsune,Keychain - Other,,false,,1,,,miku-hatsune keychain,"#33CCBA",122
https://mementoserver-hrd.appspot.com/blob/get?blob=AMIfv97jOoXTRs96pClaIN9EUzEROa-zFzMzhtNbdiESVvOEd_1LwtkZF-7kDobzC41kLU5o3gGp-W5pOgforqwm55Q9jxUkMjxVCnXmdtWpKYPMVwgNMzTdowBBq130a6VcD4BIQJpvgOZjyIgQb6AtbfV_HSFH0KpFVw4d9c3OGnJ44Ouhtg5KRm2HPaYajMWdjyIG50ex,Miku Hatsune (Grand Voyage),Badge - Can,Snow 2022 (Grand Voyage),false,,1,,,miku-hatsune snow-miku snow-miku-2022 snow snow-version grand-voyage snow-2022 can badge button pin can-badge can-button can-pin,"#33CCBA",123
https://mementoserver-hrd.appspot.com/blob/get?blob=AMIfv95GVOf9_k4GwsWpTFJxOjyzPKNLKFF4A-f5zxred8Wd4QLYZM82yjVDWdgH4k8UXiuy4EQgs6whs4Xkrfbipw8XnzTFXMUVVkCqHEy_ZY7yO8c-XDwD-7EbnYvJ-N3s8KseIcZMW6RQ_C550cRlgv2RPTOXGGYqkY9XiljEnfUXRw7aW25gVAyoaYKgnsg2UiuqrDsm,Miku Hatsune (Grand Voyage),Keychain - Rubber,Snow 2022 (Grand Voyage),false,,1,,,miku-hatsune snow-miku snow-miku-2022 snow snow-version grand-voyage snow-2022 rubber keychain rubber-keychain,"#33CCBA",124
https://mementoserver-hrd.appspot.com/blob/get?blob=AMIfv95-r5yafclmz9GJrWcMkOvpJXwzIz_4ZV8P_BmDAl8U77txPh6p0iAe3pZ6OLNNQ5pDbD3pVlL4d73VPETymA2Xm8Fyma4lIpD6l_bZ3Q0H0Jvm5ioUPcCP3LydMK9xzh0IFxw6vrBSOtMMPIFC7z7QOiihZ0AzLBdFV4KMN5fjQbXaA3wAd39sG-Y8-vvL61PigZxn,Luka Megurine,Badge - Can,,false,,1,,,luka-megurine can badge button pin can-badge can-button can-pin,"#FFBACC",125
https://mementoserver-hrd.appspot.com/blob/get?blob=AMIfv97Jw6DMzzrqQmex_x6g_jfXQB63AiPOmy5EQhhUpzmF3tOZUjmjmq50kpIWZs0fUM7cdWx9Ks3GSPmy2bTzDA2dTI85yfoDWBmSG0FqU2_NPtNogN3ddni9oAITpuhnxlJxpmYXqjmXBYgxUa2LKGoKE2qPhCeXgV3Z3uLhaHXuemTpQusr6-hPZRGqgRaU7wx5tqWh,Miku Hatsune,Badge - Can,Project DIVA × GHOST,false,,1,project-diva,,miku-hatsune can badge button pin can-badge can-button can-pin,"#33CCBA",126
https://mementoserver-hrd.appspot.com/blob/get?blob=AMIfv97PZ1U9nVxizcD3DoO7uDRACENr3_3t2Rd_qhWwfN_TyS4Bp_l_B2J-00HOPZTphasVWL1A2moVQgPvxO8Ms08lus3Ts6oXVJWhOIMNZu5kG4lT6cCMengttp3iw_DzEYeMz-mzX9oNQxvcoj3QKjtZrdWgl3nDqB7Z-JkgG3jic510fL3EiGaP3CGs7ERStWwQ5vOt,Miku Hatsune (Sakura),Plush,,false,,1,taito,,miku-hatsune sakura-miku sakura sakura-version plush,"#33CCBA",127
https://mementoserver-hrd.appspot.com/blob/get?blob=AMIfv96RvrMdxw_MrnlwaNjEnbD1G0bC18xKhbIkZg2gOTH7Jfx0fj1m9mhPfmB-q_-4-DnKuuD6ZeFi3-mM_0bGWMWrU9uwahOdJ2ATTIXlYJm4Krk9Hb61bLpNKH7dE8fLIuhGLYt2PdWAOlVF2_p9ojX_7cQhq_J79y1YTbDT90Hz0EeWJ9seDOWwKugOiAtIf3tFsFpy,Miku Hatsune,Keychain - Rubber,Miku × Akai Hane,false,,1,akai-hane red-feather,,miku-hatsune rubber keychain rubber-keychain,"#33CCBA",128
https://mementoserver-hrd.appspot.com/blob/get?blob=AMIfv97wB7LGOK89s29oPt1y-XjO2jprXPYtLn9aekcn3ofUWcp_5iTje7pLNZyMTUDD5vDq3gSKCaau-ZsPG7wsOp7VmT8hm0dr_YXguN_AGkJyGO2_bUN8BMn3BgadhK_OsiF40ptAiluyULb3HMcLrFfVIR23i5O3AD0CkrqTM_-Urljd0_BkCjbUCP52EOQpd7k1awxH,Miku Hatsune,Plush,,false,,1,cat,,miku-hatsune plush,"#33CCBA",129
https://mementoserver-hrd.appspot.com/blob/get?blob=AMIfv96d_8AC-FpK75YAly9JvN_cLt1JeT1U-pjz62FUF0XdFow149itl--wuv7iZtl84ojrwwo0ksvpMz2bYSQmrQa-rgPqODNEORn5c9x2-8p5StIgJ-G9XfmLYu20FIRRoq1nPtvgOnExaMA2p17P17Aqz5w-y3BIhHat4znfqKe8rNgr7919K_hWRw1y8Ps52zFUNAzc,Luka Megurine,Badge - Can,10th Anniversary,false,,1,anniversary,,luka-megurine can badge button pin can-badge can-button can-pin,"#FFBACC",130
https://mementoserver-hrd.appspot.com/blob/get?blob=AMIfv95AwfZdyukgn_qS1IpT1ZxsTV9n7EjUcLpY3owSeMiHvJt3THuIRN_ZWAv_HspO-OI70agVfuEqp57YJItD-L_s-O6I_cpXftNzM5euICa2DxPviTdrIntu24so9xhTeFldTo9Yjpsx4v6EU6FHkHvthO1AwA5XvGvYEgF-4L58eesp1KouRtN2ERl5j89m0haPmqxa,Luka Megurine,Figure,,false,,1,,,luka-megurine figure,"#FFBACC",131
https://mementoserver-hrd.appspot.com/blob/get?blob=AMIfv94JSqE-UK433WcEUpn-H-2jVrh_g0JI_ag4HYFaHn9SrbEHdhc0QloTz-JFXHte4f20LmD__VFuHrHB6iDHqM15z8d-KxvSrGp38Bkjk9GGVqMlmJyb3yMlgZMY8uDCmgcuX8BLmH6L5zOeZkNO1bj2RugOdkzSqNRM64c11jzUvLU10obdIQPhsU9HKWnibqFC9Cf9,Miku Hatsune (Snow Playtime),Figure - Figma,Snow 2011 (Snow Playtime),false,,1,,,miku-hatsune snow-miku snow-miku-2011 snow snow-version snow-2011 snow-playtime figure figma figma-figure,"#33CCBA",132
https://mementoserver-hrd.appspot.com/blob/get?blob=AMIfv97rveOubEorAwqe2TmFZAxElRjrZGU_eyqFG3SHDaJXIjXWjuZkbbdXiZ4vEQVQ7NGXVby9Qlwk-5CGIhew_vsssuw7QRC2CrfNqVrf2NR56YDnu2S4uGa5ojkDdujD_3LyP9gnwp2zdPOvS7MFdwrjHa-gfRbu9Y39EXoN14DdHCJ-U-VX3d2kYgGcVtCP0YTweqGV,Luka Megurine,Badge - Can,,false,,1,furry,,luka-megurine can badge button pin can-badge can-button can-pin,"#FFBACC",133
https://mementoserver-hrd.appspot.com/blob/get?blob=AMIfv97dc-ciWNoW1ftqi9cz_5u1ZpdJWA_uTQTuipyuBsOgBrDboWY2n3lZyifajc-r91wfT0m7MZWTg1VqMvmd0T9lGo58ppTCGSIkKjU8kNEBz-8FHQpQo_ErJ7jLf11eJxRMEd-JYmb9tBX8c7J_fAq1wh61zXywmNgGT-MuW3SQZZxvdGfB9bFepx6ZjMp-H1DBOgbn,Miku Hatsune (Snow Parade),Badge - Can,Snow 2020 (Snow Parade),false,,1,,,miku-hatsune snow-miku snow-miku-2020 snow snow-version snow-parade snow-2020 can badge button pin can-badge can-button can-pin,"#33CCBA",134
https://mementoserver-hrd.appspot.com/blob/get?blob=AMIfv97GB2pJguh0_nc1JOnFXP5KNuAGL7QblByDTn9PoNxu6RwfioZ_0dQ6C-QFU-ApFgSz35CAKr6XKgpM92APlpHTgal_iaH3xHY1lJKnviDrOQ3iA80uYYVir6YQnIWYJg5tQUXd6gOATkxJiRg2-bMwueb8REJDgOSLjOGpii41rNBEjP95Yvs0AFLInE5UM0SP4Cs4,Len Kagamine,Figure - Nendoroid,,false,,1,petit,,len-kagamine figure nendoroid nendo nendoroid-figure,"#FFEE12",135
"https://mementoserver-hrd.appspot.com/blob/get?blob=AMIfv951LfQay_jjykDi3wIeJ6CPi7ZRRMnI61cAHzjMhxtSGXcFKfFktJ6zXcZUaRoXMvUqvEr6429TnD9gTxlgF9LBri-7kn7-LfH8M5cKv_tFFvze0rcyNEeBFu5Qd2NiOXUb8yXR_d93d3M-FahX05MosPfJn4ZJu28MtcJzFPqPGiRuQYeQ3tC5Rx3NhYxd1oxm5A2I,https://mementoserver-hrd.appspot.com/blob/get?blob=AMIfv95ZU04FtOZtXEvWsMto9EVAMWQQtJUWGsPC9787uGWF8T_YnBiEQ-m2YvIOXx_E17qTpm6zf6skpykA6JgkZE_MR2w55Lona70_UwqpObbWhBMENvbr9fGmYAMutOuamKO0idVZXU01eorJrZ4BKGaqsX6jPK_WbUu7wbkK-LpFHOT1Z5OL2i978xmf8YQZ_4IcVnSa","Miku Hatsune (Snow Playtime), KAITO, Luka Megurine, MEIKO, Rin Kagamine, Len Kagamine",Flat - Clearfile,Snow 2011 (Snow Playtime),false,,1,,,miku-hatsune snow-miku snow-miku-2011 snow snow-version snow-2011 snow-playtime kaito luka-megurine meiko rin-kagamine len-kagamine flat clearfile clear-file,"#33CCBA",136
https://mementoserver-hrd.appspot.com/blob/get?blob=AMIfv96hpvZCGTlJN_vwooZjAiXfLqi2doVEzsQKF9htC7MjFJqu9YecB2zxlzd6p7dJ2pOIeOu6Ffz-Qp6rYxtp_ge-46sP4-AwIDMHdF_ApchhncohhQ7Iiwpu53O7_Jg9L_uxmEipRlyq8f8Sig91ANGHx1yWrYdcqUnkxobCija_jBOXHUuHgGfQZQndGgXSkbvYOP1I,Miku Hatsune,Badge - Can,,false,,1,,,miku-hatsune can badge button pin can-badge can-button can-pin,"#33CCBA",137
https://mementoserver-hrd.appspot.com/blob/get?blob=AMIfv96u5dMZckhstFRcZDmNQil2F7LKMEWEriPHHjgVkD1ylHhL0_SC2d4JaHmcPAFrJTL2iolUIYbF4EL9oVwX0px-NND0vbBjgFfJ5S5ZiW8mmT24c7ARsroCcnP7obm-6VyaxqqFcrJj77cP-s8u9FwJvZo6c2_a8NMd-gZhnr04kHSGcTLz2WvlktXfjqCRfp18s6pW,Miku Hatsune,Plush - Nesoberi,,false,,2,,,miku-hatsune plush nesoberi neso nesoberi-plush,"#33CCBA",138
https://mementoserver-hrd.appspot.com/blob/get?blob=AMIfv97Vzdjbgx1eFIZISlM4Sn9LjMaYaW66ySmfvFn7PCM198sXJcG5BQHPyKFindcF5eD1pyixDc1AjdoBcr-DNuWS9ykEH5ZU4LRwES1dO3aKkNmF3EThM6yoI-V7L2FIPaiMaylj1ZOCxsb3wSCjd66iPgbQ1i9SjniT2inLQKCobP98rgbw3UHyW79hFCm_4TMxxoJI,Luka Megurine,Badge - Can,,false,,1,,,luka-megurine can badge button pin can-badge can-button can-pin,"#FFBACC",139
https://mementoserver-hrd.appspot.com/blob/get?blob=AMIfv96yjTyJKP0Id-u4zdYtyhXSuzUCBKId8UisKYl02KIyM7rjnzWX5xlvBYkW6VpZbgiTbECq22_p3R__fw-9d3n3qNrdjwsKXlORdL0hrZClpFSvGtOdwhCn0O9vcNQeitHUqfphYCJR9-gNJmQuNgl-w9pSjxdDZSH7wO9kSZBzXLJy62RvBvlBwIogoxqe_09bkX6I,MEIKO,Badge - Can,,false,,1,,,meiko can badge button pin can-badge can-button can-pin,"#DE4444",140
https://mementoserver-hrd.appspot.com/blob/get?blob=AMIfv970RxbksNhAPAhz6Wz2GXqD0toOdio-U7hltLvlNf3l0LCDXvNYKaj7dMcriRvlpqaAy46YIu_tIl1C0UQpBn-udeauT4_I037cFV7aMvUbPD6bGIvdJ06UiEHquVLR2zlfuVXP-vAOnvYdvqR5iOnnqqj_1qVLqwEJ1TV3krqDv4SVzg1eu7dKud3VCrROPNg2JpZG,Miku Hatsune,Figure - Nendoroid,"#170",false,,1,,,miku-hatsune figure nendoroid nendo nendoroid-figure,"#33CCBA",141
https://mementoserver-hrd.appspot.com/blob/get?blob=AMIfv95tM4_4HAd1RClNGGanmRC4ZldcjKumPkI0X4OMEylWX02fd5Sp_XBArXZ_ejUr_bXl05SyEBoFnixrTHTeUI8WJytcZDcaLz0zBax39UG_CkZVW_2I1yALgGPtq6qjfRwxQsLvDYlW9EZnvWcRmT8NaQ0qGkMvGxRVtaj7M8cHLqW89TNz90w3o4Ug-dPYy08iSrwD,Miku Hatsune,Plush - Nesoberi,,false,,1,christmas furry,,miku-hatsune plush nesoberi neso nesoberi-plush,"#33CCBA",142
https://mementoserver-hrd.appspot.com/blob/get?blob=AMIfv96jArHl41mPuQaMGcSQizf7ff6LUXc5x6qpEJPNeKSaLB4Isl5QaFCMFhzbwdcCZavaCBj8Oql5lORh4rEZwN8r4sCZXQRAm52qBrcqbRFIMdDI2dSD8ChnJhVhjYs1XRMOdARCTQp81-OkDSv7PNmu-ROtdZPbDN2JlF6PizqBJSnj2-oQkWVdin3RdKjaEbZd13Q5,Luka Megurine (Snow Parade),Badge - Can,Snow 2020 (Snow Parade),false,,1,,,luka-megurine snow-luka snow-luka-2020 snow snow-version snow-parade snow-2020 can badge button pin can-badge can-button can-pin,"#FFBACC",143
https://mementoserver-hrd.appspot.com/blob/get?blob=AMIfv952UVTFfULTe-qwECuN4AFzm52Z5Y5nsDlKU39d8WFOqvxsH1diYg6HLzc3rriLMvRbUJCVNuTu8OPFfs3lUmThw531RtlyICTJS1GGV0oa57XZq56b-18ygf-_wgKKx3QE1FYupLSIhbBZwFCcY4RPxtlihij9VWfPQka3G0V_CmsEgmXkpn4pERxFpTH0l9x0Oguh,Luka Megurine (Snow Parade),Keychain - Rubber,Snow 2020 (Snow Parade),false,,1,,,luka-megurine snow-luka snow-luka-2020 snow snow-version snow-parade snow-2020 rubber keychain rubber-keychain,"#FFBACC",144
https://mementoserver-hrd.appspot.com/blob/get?blob=AMIfv940RdQXWMFgL3wDn2bn4nwqPZVZUrsuTbfvIWkRda3NQ4Hk7dFlM7PObGCEPpySbFj3hoa3LTRKwxrnxVMxNrWHvBU6MuB3f6_FiA305B05F4Ee6el-Chg0aR9s5ybIVfiRXIm1zlRbTYJBEs2O3eteJb5gPdYWuFx7usPivuyN4i6Jzl-xjfFZmyeOg6V2lVFL3e8N,KAITO,Badge - Can,,false,,1,,,kaito can badge button pin can-badge can-button can-pin,"#3367CD",145
https://mementoserver-hrd.appspot.com/blob/get?blob=AMIfv960jlYrdxyfFFJI_xzBUKrFjHGUSzLzeTzBCut2J5hgwOoHmd9Jtfe3DILFb_tkaJTow6Syydmr4UeTfj7YgOb48fIv8cIk83D-OM9zS-_zEpnc72u3zA5gT42EK8iCbV5hbqgVNgun-8YEy6hCeguZXXjOgO8NYLdqGEhjRhCLoYaPkXU0fCdZyLNXLVqlb171TmSh,Haku Yowane,Figure - Nendoroid,,false,,1,petit,,haku-yowane yowane-haku haku yowane figure nendoroid nendo nendoroid-figure,"#743FB5",146
https://mementoserver-hrd.appspot.com/blob/get?blob=AMIfv96uKOU_bbjnYc5IF_9J4oAGsYAw2syO0V6bF4CX5SSQMb9LH_84et0Zii9hKVk5_nGJd4lzGHZ172x-QTt6bhNqElg8qvlkofeshk_Zlmf_HdKPIiHgdWxsCZGzZwrwXuIgHKaK5TG7Ej0up7ZjhIqKpOElsCrqPSiVp9j4HX6fLojDeet5mMOeIr1iREBnxd0w6N5P,Miku Hatsune,Figure - Nendoroid,Project DIVA × Ichi-no-Sakura Blossom,false,,1,senbonzakura project-diva,,miku-hatsune figure nendoroid nendo nendoroid-figure,"#33CCBA",147
https://mementoserver-hrd.appspot.com/blob/get?blob=AMIfv95he34XcomUE51qvq_Rmn_A5lBuQVB1PmMO2FY1ffYEIcFTxxpi9iWvbhuWdgSBJwmi3aMGPuBGMRb5GO0AYr8gWUzsTmG1tyRkza7yhBb1Rc4B3eFrG12sFh1ZXbJBUJhCGmSliKkx8BiDIWC3x3diVFqYWT3o2QAFEJYJLpOAtWhXpNMNPXlgJ8r967-4nOXJVs-A,Luka Megurine,Figure - Nendoroid,,false,,1,petit,,luka-megurine figure nendoroid nendo nendoroid-figure,"#FFBACC",148
https://mementoserver-hrd.appspot.com/blob/get?blob=AMIfv94KOCtDh_kxVFmj0FulQxa4UUeNPRcJQC4geSVji3l9tlfK9dFprnQRzGZlUiA5x1WACfKo_yhtz8leXblKNvbEjNAGEHE2du_m0TSIAhI5f18Y45HuMLYkC3SJFmaFMMgeOUgirtKR-O3yexMxQgc7YkWlCpIK-CTWNzL7hs_Me57tnfhpFXLBSbPV8LpGh_wArTlm,Miku Hatsune (Glowing Snow),Badge - Can,Snow 2021 (Glowing Snow),false,,1,,,miku-hatsune snow-miku snow-miku-2021 snow snow-version glowing-snow snow-2021 can badge button pin can-badge can-button can-pin,"#33CCBA",149
https://mementoserver-hrd.appspot.com/blob/get?blob=AMIfv95ZyI2mUA_D6elfQMpW6nhkTKNvneuC1-zUHjIngZF5BCzxFKvCJklWzh9fHkbUzzJH5kOQO-tQDL_1tGNYY3cFYkdcN-DjmYa5V-ZB8V3_DvuaXB1jZ0_rTuKYdnKOlrWV1J_SayZyCCXvQ9qt38ruCQjJeP_SV5PnHrlpXfAGrE4EcmP3fViFNZah2kyRhgI0OeWq,Miku Hatsune,Figure - Nendoroid,,false,,1,hachune petit,,miku-hatsune figure nendoroid nendo nendoroid-figure,"#33CCBA",150
https://mementoserver-hrd.appspot.com/blob/get?blob=AMIfv96Supafie7PvRqSlcL-tE2xcW5XVVTxvDfDbFZdyN1q1FNSrIIriEfDucqQn2x6U0GzJQ_mZo4eTLGXQOzHH6rD_6Af1QzbY0nUQDwRvHEo1BV0QsGCMN6-Umyu3WB7t5lOxzgxwtKwVgJeonosNy1NjpxtS-YNcVv0NTJFfzkhmLDhDSgdV6o0rB3GO_aVSWJkGRl-,Miku Hatsune,Flat - Sticker,,false,,1,,,miku-hatsune flat sticker,"#33CCBA",151
https://mementoserver-hrd.appspot.com/blob/get?blob=AMIfv97nVdx4jLj1hTTgOXTRj5tHPwo5ByQJ_BRMPpYkiiQ0G9wwY4TyIQ2TMXwO2z95VCY6P05NDNypvz9C268tdUrImIorer9BZZkoezlP9ehbRTaIQefDO3th76Erxe53YvC9yRm8LBhBvC7yXqAy1ycM8lSblsokW6VfMKKxtBvl9tXGhN7Z2phqAK5vNc0UFPGlpgDf,Miku Hatsune,Figure - Nendoroid,"#333 Hatsune Miku Yukata Ver.",false,,1,,,miku-hatsune figure nendoroid nendo nendoroid-figure,"#33CCBA",152
https://mementoserver-hrd.appspot.com/blob/get?blob=AMIfv951uwLjYtijy1F7D57ukB5TnUV0rZ6WCziLa6hO_iuZsweTp4FeVaihX6BXVO8ykiQfEam291rBsjIeQlw4hoL4ppzMSsKeRu-lB3NwvUC-0w13qkH9zWxqzznm5soP8Zh2PvVaObsldkMmGxeeZmxUfxSl1M97pA2z3sc7dXeItldGODsxRecmDzg6V3MrBR2GPl9m,KAITO (Glowing Snow),Badge - Can,Snow 2021 (Glowing Snow),false,,1,,,kaito snow-kaito snow-kaito-2021 glowing-snow snow snow-version snow-2021 can badge button pin can-badge can-button can-pin,"#3367CD",153
https://mementoserver-hrd.appspot.com/blob/get?blob=AMIfv97IG0yoQrEkYZj7G64ys7WYThZXx_kSFPM50dTMvDiTQmStGBrwCb_zVGCU4g886SyUveUILaK8fHa8-aMZxOnsVWac1WdnLMq-_-OEulgmCuBbTM6UTIHvB0bNlavbBmFImXsdDU8jH4LEfWq6-GlWqJ1w4HLEPOC5Fi7Y3cXDSHi2au4QuNOsVxgh4to-NhaML_d9,Miku Hatsune,Plush,,false,,1,,,miku-hatsune plush,"#33CCBA",154
https://mementoserver-hrd.appspot.com/blob/get?blob=AMIfv95-6S2X43k2uVZ0L-MfGiVg3nCGngYZwReBj_1Y8dFS9_vL1ChpyS-lyANcZXIwzZdIThaujqDCsUrtbW75iZ70kouoQWPgQLgtTGwQIRhQd_WrH80sd69dGhpawrAijzA1343FEIRsTsC5byhapn_qWkYMFSgcQsv9mvIBDQngN5E-dONofYl4JsRkRYDfc5x1_7JN,Miku Hatsune (Fluffy Coat),Keychain - Rubber,Snow 2012 (Fluffy Coat),false,,1,,,miku-hatsune snow-miku snow-miku-2012 snow snow-version snow-2012 fluffy-coat rubber keychain rubber-keychain,"#33CCBA",155
https://mementoserver-hrd.appspot.com/blob/get?blob=AMIfv94oaf2z5TratWS7ZN51GfAwHKUxeKTyicpeRdvSurEIrAknDyuf3PIiAfgjQi7OOaFdb_PpGiICSHtmaNTgFz4SjWZB6zwFOO8D9oq5mbtY7GQWAqmFB2McI9WFYKvgfkDwxnIGODfB4koatnyTGbWtSthTkfV-J_g6r_1YVd-yX5ehiKh5MmEyM1Wn5T3FLyKvlp5O,Miku Hatsune,Plush - Nesoberi,,false,,1,christmas holiday,,miku-hatsune plush nesoberi neso nesoberi-plush,"#33CCBA",156
https://mementoserver-hrd.appspot.com/blob/get?blob=AMIfv96ysDfsptgugsQU8x2Fn1Q4pkt5JeFPge5Pt2aeT0GsWc5n2ycwNQiKsBk_rfnMTYPmO5KxZr8pa7q9bQzNUymqiuxW4otPV6JuCc5M6l9oosaeLCXsSSqPplLAzJCXTUss_TalQzbVjyh-V3Vh3NSxKgFrIoA289tKyYm01Ua9u-fXRqOXiG-gIvKAECXmUORvZX2p,Miku Hatsune,Acrylic Stand,Project DIVA,false,,1,project-diva,,miku-hatsune acrylic stand acrylic-stand,"#33CCBA",157
https://mementoserver-hrd.appspot.com/blob/get?blob=AMIfv97pqInOKvpfYn4m5WCwW6JpCx9hjejXYosK3nolZcPgdbf-DBNkZeYSFQLeKpCSoYjxf3mWXUP9fEAU2l0D9F_toxWc7wh1ovWAaCdujzlud2drOO_X9Ddk1LymWB9ltOs4WRhWUb2vzEjYadOgT88mvxdja_9Fd3IUS-MezH6dFBOjlzYr0Yr16otkKTDQTK9KnZxi,Miku Hatsune (Fluffy Coat),Plush - Fuwafuwa,Snow 2012 (Fluffy Coat),false,,1,,,miku-hatsune snow-miku snow-miku-2012 snow snow-version snow-2012 fluffy-coat plush fuwafuwa fuwa-fuwa fuwa-fuwa-plush,"#33CCBA",158
https://mementoserver-hrd.appspot.com/blob/get?blob=AMIfv962S9aEpSEi_Rp2lSeUydN4KWEGXT4yBmexT6J53Mu-rlp6qdl_sszaI0DjrMnvTlk3HMEqwUYG1Mre4ZDo4H3D4TKIBTOtaMNLIjwWHhqSOWwhIU2nu39HrYRF9K8DsI1zD-GkT2tPaSeLUdBhSxr16sDxGMwYbTnFeSIS7HWxXsJkDvyao9swbYbSupLyAEmntYSG,Miku Hatsune,Figure - Nendoroid,"#1439 Hatsune Miku Kigurumi Agumon Ver.",false,,1,digimon agumon collab,,miku-hatsune figure nendoroid nendo nendoroid-figure,"#33CCBA",159
https://mementoserver-hrd.appspot.com/blob/get?blob=AMIfv96uawvcPg9d_NaJzxzXuuMFPjiy4nd34gwqUMhRYJWUUgr1XZhFO9Ra6R3t8fwnVKfynVQbegWZ5ICoiEIi2F0UFkIfloAMiJPBRaE5mOdwyJaP2otUgktXFbkuF6VR8vWvvNC-XMojVGIllJ8QlP2sReY2hPO1vYqOlJ84IFMtKtKxTLzZFgyBIEP6qcme2R5sQ0kN,Luka Megurine,Keychain - Acrylic,,false,,1,,,luka-megurine acrylic keychain acrylic-keychain,"#FFBACC",160
https://mementoserver-hrd.appspot.com/blob/get?blob=AMIfv96xWbLBA5KByB0vNuUdu2_YP7olUPCQl3-DJcu2c74BnFiz3yCy6cQYo0v8_Knm55Dnxp9JqzFz2UJJ7psRXw9FT82b-Fq53J-uHKVrTOaYKLHIkHM6vjhdKT82kazFqvF78OajZc3yyt1o9C_kNRkkuC0002lLx1ZhsPP5fMh7QtO-MQsbLaGV9hzabTHasJwGl7qb,Miku Hatsune,Keychain - Other,,false,,1,,,miku-hatsune keychain,"#33CCBA",161
https://mementoserver-hrd.appspot.com/blob/get?blob=AMIfv96ItZyPkSTVb-K2WTSWQDPSPtj449QCHrXHGyy7nQf_rrBmiSfqUX4LXpoqcR6hDVHB-QyVz5LOjwpmjgRMsjQ7MgjvZRw_snk_2U4qDB3cL_bVtyFtOtlg0BPyo_DDzz6Y63pAQHb-jpPP1O1zjU6MxVxMNB4jVHc-e1GvcoUm2GocFnI1zevwJbV_Ib1XQyKE377Y,Miku Hatsune,Plush - Nesoberi,,false,,1,,,miku-hatsune plush nesoberi neso nesoberi-plush,"#33CCBA",162
https://mementoserver-hrd.appspot.com/blob/get?blob=AMIfv969IrRYguZZskwkjl3-H8kRhlVK85i6ythaXVQptonQJsUvWz2v2_wxWjw3onc4cFauAzhU6W1TkVB6-6VPXg-wjErXtahdN2qkyOKdQvuQp-W-5TJk6nVNZll2kIvSIq2bR1JDVD-XmBOqGgqumZURtERw5UuDe7qEu26kBLmT5ob_eAbr77vJF-V3djNKOeP5P01c,Luka Megurine,Badge - Can,Magical Mirai 2021,false,,1,magical-mirai,,luka-megurine can badge button pin can-badge can-button can-pin,"#FFBACC",163
https://mementoserver-hrd.appspot.com/blob/get?blob=AMIfv95JaFCFohXmgupggtqKITE_rOEnbdS90pH1gbU48fsvWsAU-mwo8DEFg8EK8VARmT7M8hXzNwf1cvNTQd72SLkWkdjd0k5ArOMfS5EywkCK5roC_a-6IfA-lU6uURfrTNtI-O2K83BrGqwJHDJXLU0kq2lPA0R9YE5w5DKzRC4XGjVJLGS_b81vFCcGn6dydIeDPz6b,Miku Hatsune,Plush - Fuwafuwa,Project DIVA × Dark Angel,false,,1,dark-angel secret-police project-diva,,miku-hatsune plush fuwafuwa fuwa-fuwa fuwa-fuwa-plush,"#33CCBA",164
https://mementoserver-hrd.appspot.com/blob/get?blob=AMIfv9415iHiEy811VVQ4KVhT2uDBqIxzu57lVBWfeXBjun0Y5BpVp1vacUYsK5ZJvcA8GnlPxJbBZzQ6eXhmO_K8J-5P56M4rQ4dPo5--U2Qb-VG3R4SkJWg-SbWzclseWRr779hztfcvsGpVvMHOm2zEoNu2qyN7m-SF_I5bfDAQ6EGDS7xMzoBmqzZBnzXJ9MKLxnWuHO,MEIKO,Figure - Nendoroid,,false,,1,sakine petit,,meiko figure nendoroid nendo nendoroid-figure,"#DE4444",165
https://mementoserver-hrd.appspot.com/blob/get?blob=AMIfv967GbnAuauQbAyh3cM27nAwZXCsKUyavST3AsaTtzDb-dG_r66kntqi4hugMe7EPxgZFC1JNAZHVIatRzhhUXgdP_6FrqNpqIj_aT3gJWXzv9SzThDooyRHKeO19ADChVD3xvhi0Rljn5V-9P82UbsZ2WQihTJl9CEozmduLIlniaW0kkBH0HxZjgYOeIQzvmTF8uLW,MEIKO (Snow Parade),Badge - Can,Snow 2020 (Snow Parade),false,,1,,,meiko snow-meiko snow-meiko-2020 snow snow-version snow-parade snow-2020 can badge button pin can-badge can-button can-pin,"#DE4444",166
https://mementoserver-hrd.appspot.com/blob/get?blob=AMIfv975IJIFP9FI4pu6mYazulf0KwlL8n5gix1CSIQIT-eWZr3je5aRSA3en-heI3RLkyoUGxDaTU23vt8qKY01eaRJQpIzW63hisPEGE2E9S-vofBQa2S_YpRY-zyg1whDohlUrl5Vc4ko2vKfFU_1arseD03KOJVqXA6-ub7qiX_rjCFu853FirKnfwZ8UAnlg-fQlSvL,Miku Hatsune (Snow Parade),Keychain - Rubber,Snow 2020 (Snow Parade),false,,1,yukine,,miku-hatsune snow-miku snow-miku-2020 snow snow-version snow-parade snow-2020 rubber keychain rubber-keychain,"#33CCBA",167
https://mementoserver-hrd.appspot.com/blob/get?blob=AMIfv97Ws_sM_tmEV_S3Osqxq4fb30uVBJUy0TZpmdQLj_XTMo-MbkZPqtYn5z1qMqatcvvSPysG_l8GVknLaUdi31oVAYncW-5ptmTGxjvvykS9vu1gbP0Tw09hHN3nc4T5ipZfmVW7h4jbjDa-R9AM7IcbfhApSqoLZKA0nWXcmHfQujq6P4Bd3AnJnHfaeYAi_Ztx4Cpa,Len Kagamine (Grand Voyage),Badge - Can,Snow 2022 (Grand Voyage),false,,1,,,len-kagamine snow-len-2022 snow-len snow snow-version grand-voyage snow-2022 can badge button pin can-badge can-button can-pin,"#FFEE12",168
https://mementoserver-hrd.appspot.com/blob/get?blob=AMIfv96in5hqVthtXiYj716BiHORaNwLeppHoBJcdej8DGB7szAtdf6iqyPNE7NCG62uLj37C7h5Du-uWhMbvmMMNxpgKKP9q3xeeZTf4GqCzYwoo1TMBPlwHWtiu9i197RcPJMfWHeP44W4Dmx6bKDGuCb1F5JCM259lCaVSxhozNB8A3er293OSPqYAj7N7Wc13WUizWIp,MEIKO,Badge - Can with Keychain,,false,,1,,,meiko can badge button pin can-badge can-button can-pin keychain,"#DE4444",169
https://mementoserver-hrd.appspot.com/blob/get?blob=AMIfv95IM0arJP2rVlH5vU1nSGNWNrUQXDRzDO5gORvr_3dsx0Sx7x3BsT0Ond0ml-vWApRnFpoylmq7wVrB2rItQESsXJNqdix9FpV0POIZ0HseD8GPVnOEWQZdo0kdotVor8Z6Xpg2MnsfgpvQNbliq_zDWEYkiSmJtasEPW9i5rxnUjjZWNLBvMoK1L9I1vkkThRkaR7n,Miku Hatsune (Grand Voyage),Badge - Can,Snow 2022 (Grand Voyage),false,,1,,,miku-hatsune snow-miku snow-miku-2022 snow snow-version grand-voyage snow-2022 can badge button pin can-badge can-button can-pin,"#33CCBA",170
https://mementoserver-hrd.appspot.com/blob/get?blob=AMIfv954Up6ZLTYIWn2IsB_JbrexT4anl49XLWq2z_Y8Diq0rjeSOjclrY06bX1Bd29cXRb8fZ_sl2Ff3E99lRG9oTQH3WlVF8Uf2GmGVvotrElzrt7OMmdEByXu_0Nc7zucnwtOIxZ7BTM806t_y-qetrN1K3e-xYdIjmlgphAt7p4U6hT_2BbtHPSxYELEHRV1FrBAKywX,Len Kagamine,Badge - Can,Magical Mirai 2021,false,,1,magical-mirai,,len-kagamine can badge button pin can-badge can-button can-pin,"#FFEE12",171
https://mementoserver-hrd.appspot.com/blob/get?blob=AMIfv97mrN7x7ONDXsx1Yr-CjM4JCzjV2L-Z4IudiM1d1D5wtEohEoV9bhRvdWkCMaE8ubQtYTJDZMOCPw5GZ61WoE3aUWsHyHHyQgR7h_m1uQvgwJKdQvjPfrVVPqL0c54qdpQgZysJEYa5q4DVaQ5j5Gsomhd297r-Naio_kXdqhJfJWBFPhd1xQ6iiyWYE-6MX2l-4o-K,Miku Hatsune,Figure - Prize,3rd Season Winter Ver.,false,,1,winter,,miku-hatsune figure prize-figure prize,"#33CCBA",172
https://mementoserver-hrd.appspot.com/blob/get?blob=AMIfv97ImjqM1V3JWKSH18IsufFBa_UffDc76NMyGxXOZl5XyTN_8cNlrvJL3txuUAoAiXEsfHzXpMDmwwOSiFMo_5Z4gcgyg4rSiLfBsgFSmobhvvzcn4uzU8SXRBD1UFOG228WR7gFd_tZPxsN5qWvdro9Cz2qte8ah1Xfma8Icxq4LGyYHL8cd5wzitpmbIUv9uWU3VFI,Miku Hatsune (Hello Kitty),Badge - Can,Snow Miku × Hello Kitty,false,,1,,,miku-hatsune hello-kitty-miku snow-miku snow-miku-hello-kitty hello-kitty can badge button pin can-badge can-button can-pin,"#33CCBA",173
https://mementoserver-hrd.appspot.com/blob/get?blob=AMIfv95Ta7Jegyxg_Oc_MU78Zbvbl0pBw3NxxdCfaoVO-PvE2JLZESKnadH_KNVi0UG2RY_P3G3lFkpRAzf-4tuWxeixKik1D3YoBxkQl2Ahb30bUyovu2iHN5u4W4F_uAZc75v6a816FoWqOfpmw0sk86g8gCVCUlz30QTKZik1_GZVj1FvtpVd8K9WBBt8AO_6DwshByUI,Miku Hatsune (Sakura),Plush,,false,,1,cat,,miku-hatsune sakura-miku sakura sakura-version plush,"#33CCBA",174
https://mementoserver-hrd.appspot.com/blob/get?blob=AMIfv94FRseNaAZ-2NC_V8Rwo-G01P0-VG_VTqhAIcCr-JopNlshPTG1cJZlu6p5aQjuSE2Ezl4cSgyPyJO12aRRntoSZlhLK6Wz5JWchFxFNgFsPdIRgpYfUZytk1wBwXlsdex4DqAJyx4vHYn5FqD9NvD3zT5l5rxuoG1RaMV0BCd2iTljmAm0_fMQExHBuV54HuXz6XOt,Miku Hatsune,Figure - Prize,Project DIVA × GHOST,false,,1,project-diva,,miku-hatsune figure prize-figure prize,"#33CCBA",175
https://mementoserver-hrd.appspot.com/blob/get?blob=AMIfv97KEA749jBD3Yc6H3DI6MNAtyCXbShklmZwEEQ4lpZEModXSHksqgH7Nhiy9jlYGvpzGICvdUoP9HdKAy5estHU9QBjhv3ZU0LyrXom8Ir9ob788T989FG2KUIcVvFyKBXAnbxhQ5TNv8xUtpTWp9khpLU3M_VYR1nPqSIhCEw5BZ2bbdEfAAleX8sBkMQxftWHMad8,Miku Hatsune,Plush,,false,,1,10th-anniversary anniversary,,miku-hatsune plush,"#33CCBA",176
https://mementoserver-hrd.appspot.com/blob/get?blob=AMIfv96AZWRBZVXqYEqUfK5S4Cf-_d_P32TMSOQJwhPdnsTeV7YkjQrGtkM34jL5x9tHddNwS5CCJ5gxGV_7rGxidcD1IA7fzXa6rezeSxAeav5YexL66JcyTR869lTChCwUTIUffN-hGhEQJ6kdf-A2ggsRAKBMABNzQsQbrw5GeJEA9rCRuzainaDAEkxb8q51oHhuzq_5,Miku Hatsune (Snow Princess),Keychain - Rubber,Snow 2019 (Snow Princess),false,,1,yukine,,miku-hatsune snow-miku snow-miku-2019 snow snow-version snow-princess snow-2019 rubber keychain rubber-keychain,"#33CCBA",177
https://mementoserver-hrd.appspot.com/blob/get?blob=AMIfv96Ru4GOs_TGwMh0dYl0Bd7i0-a9lMnMNfNJmZ9ruZ5TBU2Dalhx78TYO7KwDtMLxOFkOvkLymDBFDtlueRrFVm2BENrDEDQgr0iFu8G0xXK5nYpF4UCN7MW0Ly-iRiejrVHF_rQ4uH2YvgiRQc3rHoyykh31DxkmRU98dqJRO5keu5u3g2jUzYwzkhC8TRfquTop3QK,MEIKO (Magical Snow),Keychain - Rubber,Snow 2014 (Magical Snow),false,,1,furry,,meiko snow-meiko snow-meiko-2014 snow snow-version snow-2014 magical-snow rubber keychain rubber-keychain,"#DE4444",178
https://mementoserver-hrd.appspot.com/blob/get?blob=AMIfv95nfEd7wQ9fmqcuWgKKaNmTCY-_O5wY9llZeQ5BM1Rtlo9_t9TpZZEc4ykxhWKUXo2_WZsC_HwGgS2_3r_xS3s-uHYGFa7l4nWQoWfP-sSwYt7cNt68Qp9R44B8X7Xsf_cGESHr_76-brBqH1L0dO4TwiJpv_PBckGTDBpqxgSLhwT1sU51yqEurcQx-Yt7qDE6-KYF,KAITO (Grand Voyage),Badge - Can,Snow 2022 (Grand Voyage),false,,1,,,kaito snow-kaito snow-kaito-2022 snow snow-version grand-voyage snow-2022 can badge button pin can-badge can-button can-pin,"#3367CD",179
https://mementoserver-hrd.appspot.com/blob/get?blob=AMIfv94R39l2NHahwsUWpasZOw4FNk8XWTYn-XfFBuLbClMoJFH693qRRPot-wDpENWUblo0H2ASJ1Tudj2FePhV430Pf0f4oxNEPTJXn2Z0M8yZGDzyfs0elVH86-kWREo846twZpFBBSIWHd8g_ZG7d_bOFdEv-SHk35epqDSbqVIC0XtcORCWV6T_IsdBm-HjxMQ0Lth5,Miku Hatsune,Plush - Nesoberi,,false,,1,holiday christmas,,miku-hatsune plush nesoberi neso nesoberi-plush,"#33CCBA",180
https://mementoserver-hrd.appspot.com/blob/get?blob=AMIfv97dtYwBnst9zrP6YzAMrXS4JhBziXLPNIKz7GpOYYfCd3tlcQfDcg6rjmoZ_ROUnlnPTLzzf5r_7UFg15l1NBrg_i6xGY4SfJZjAf6JLw95F-1oP1gVae3R76c4NLXfoTU9CUk59zJunl_3CIqHTEwGeQH_h2VNfJMhehdu7e5X3xzqb4PsGDkKk85lIA9_iKVX-eNo,Miku Hatsune (Grand Voyage),Keychain - Rubber,Snow 2022 (Grand Voyage),false,,1,,,miku-hatsune snow-miku snow-miku-2022 snow snow-version grand-voyage snow-2022 rubber keychain rubber-keychain,"#33CCBA",181
https://mementoserver-hrd.appspot.com/blob/get?blob=AMIfv95sgwfHo-HzHXK7IAe_3cZX1TbdB8c9WyYfoz89fIo-9Z6uivgWZVwExQmYjB6l2U8s4HAKruMs14pyvxdy2_OeAyGrBxyMFomh0dGHRFyvsW6y3ezanC6w7V7BcQoGN7JZFWRyBoJJi170tEqCFPjuwCmsgFVTPE5-iyJkhUx6M691tSkbJN0MnZjjQEVaE5LHSmD9,Miku Hatsune,Figure - Nendoroid,Project DIVA × Saihate,false,,1,project-diva saihate funeral petit,,miku-hatsune figure nendoroid nendo nendoroid-figure,"#33CCBA",182
https://mementoserver-hrd.appspot.com/blob/get?blob=AMIfv95SGWx67wpjJXYZavaLxGvDKof6_onBOsL6MQVHKBqb5K7PVlPrG7g4ohdyByAiOdMP1QQz43MPaAk4A5tALFswg2gm_p3PKktHn1JrcBsXEgWYhQ2T--TOQzgmjfo9uT7vhS3U8lREJVVXzzq_G4NXhIdRHQacpEcSFAKW-lTQKGFiO3uVA18lX7cSQ73R61XO__6b,Rin Kagamine (Grand Voyage),Badge - Can,Snow 2022 (Grand Voyage),false,,1,,,rin-kagamine snow-rin-2022 snow-rin snow snow-version grand-voyage snow-2022 can badge button pin can-badge can-button can-pin,"#FFCC11",183
https://mementoserver-hrd.appspot.com/blob/get?blob=AMIfv951k9hti0KLBd72dlZgIuUVxp-IOUUc_kTb8dCMyla5cnBAYGOUPnE8loEkHv9iORDzkTiX3c6BG7U-HOYpaOBPf31nK7cO85pNPnxII-JEdkafse4eiOkGAwbs4QMMWAdwSRk6xDIdULNhs5N9bs4ft6uxqgkOv2-fxZFm0fo1OUM4wuL_wAahpecTGGIKAn41pVWn,Miku Hatsune (Snow Parade),Keychain - Rubber,Snow 2020 (Snow Parade),false,,1,,,miku-hatsune snow-miku snow-miku-2020 snow snow-version snow-parade snow-2020 rubber keychain rubber-keychain,"#33CCBA",184
https://mementoserver-hrd.appspot.com/blob/get?blob=AMIfv96qmxqQBBLWzGRJgde3QjtdrHiiDFjpC50_8NPUKadgDbzdGDqwUWlqZbds46N_6CpSbMG7T6jgFL6KQCS2dqHacCbZ9HE_JCRphQLSYHM1gXAqsVYwyiNToZPihZ7N9HONGvq9zMyifgA9C66kU8kuAaz8elwuFYrLm3N9hbxxsp3WmWbH-jJyMaoRqTHQZdnqnxoZ,MEIKO,Badge - Can,,false,,1,,,meiko can badge button pin can-badge can-button can-pin,"#DE4444",185
https://mementoserver-hrd.appspot.com/blob/get?blob=AMIfv94nszTynhXJH-2WLFg3S0OFYv0onfJZTomS-BJx3O7PqtDDmcVxvPLrRAA_TWFzlyV0dFRBWhg-HbwtKFUSmaTETTfomeuv6GR3MQWmo4GMVyX1J9mr8qNlhRJ7jpzqZZBTuGKdYPryjUbCBSILNOnB5_14KRRHu3IaAThSpjm1UpGdOqTjTY2DN2T8kcBOXcwkE8Lw,"KAITO, Luka Megurine, Miku Hatsune, MEIKO, Rin Kagamine, Len Kagamine",Stationery,,false,,1,,,kaito luka-megurine miku-hatsune meiko rin-kagamine len-kagamine stationery,"#3367CD",186
https://mementoserver-hrd.appspot.com/blob/get?blob=AMIfv94PaJg9a3zxpy5iI12K26G-fLIYBLmhV8qurtHFzS2z43ooYEMv5UV6DTv2L49w9p90IHO9hr7Dy8K00gAYmOemh-BLK2Aulxz3aTQOzfmGpLDhwURoDDOFcSqBxiw1Bat3bm24Pek-_oZzmgnMFyMx_pVe-ZVBrBK6IxENfF-yct015WLILYyKLzkQNS3C6X8WGEf8,Miku Hatsune (Sakura),Figure - Prize,,false,,1,taito,,miku-hatsune sakura-miku sakura sakura-version figure prize-figure prize,"#33CCBA",187
https://mementoserver-hrd.appspot.com/blob/get?blob=AMIfv95T-0o_XtjqsCaVAKuKhkjpWTrobo18EVG1mJH1m7lTEajQp_GBBbLoH4NxZfG1VCyh6OkUZvFFEOzmFkDEzNblsAxC6E26x9ao1fRXk-sQPyZtu8-mBSjTYATFifzLO9LotwiQrumylrobmIqK2KXTub1KbSZEEIcuyNg9whTzjAuomJ6oyTfGDgZY_xN0fFEmpHw3,Miku Hatsune,Badge - Can,Project DIVA × Siren,false,,1,project-diva siren happiness-commitee,,miku-hatsune can badge button pin can-badge can-button can-pin,"#33CCBA",189
https://mementoserver-hrd.appspot.com/blob/get?blob=AMIfv9738aPcqmLY6hTXCbSUtm9J3g3dwpfJ9UEGIbVWBcxnDL9dZ5SdaLIUl2ILILLb6muhgUN5-29qlts0lpuOGxufi56tplnsBFNJJ1OqYR_wmdR_6XxCCwCt3BR-kUjKAv7iIcFNyRRGuNqbVz_6j1a4P7zZ0ZTR9XPQCSINfmo1Y9ERXHbgrfo2-c-6ObMzz7SKJZeB,MEIKO,Figure - Nendoroid,,false,,1,petit,,meiko figure nendoroid nendo nendoroid-figure,"#DE4444",190
https://mementoserver-hrd.appspot.com/blob/get?blob=AMIfv97SblxnjzoLQ0Yfsl4OIqHFTU9VZejw7UULsxa4_V97F4CR_iziYqg2SQsKPvG5U4E77SXyCpg82kD98tPJyNDKsQF8iCwtrIHXCmicPY7OeBUINqd11D1VcJlo1HpAv_Ch1-K0Rivumne3hy7udW2ff-OkfsG8YuoMmsH0vEjrrsUSxiMx0bf_nY-47sktA2T8xDnr,Mikudayo,Figure - Nendoroid,"#299 Mikudayo",false,,1,,,miku-hatsune mikudayo figure nendoroid nendo nendoroid-figure,"#33CCBA",191
https://mementoserver-hrd.appspot.com/blob/get?blob=AMIfv97WwkMuVvPU8pe9g9v2DQkkuWRhuwwsnR81NwZ1vUfew3ZsuiVVr6omXc_RDcvMMROzLU9BVUBPoIrUaImJdrvHNLzrieSFJkChHY_Kg6oPUOW6gQWzw_BX4xZuzSMT8OQaXK-bjKxryyRRBbxvh57p8w-k3KHjgclb33fyioWD6b6x7mjhDuLfs9X-L7E0k7BoUv1X,Miku Hatsune,Keychain - Rubber,Miku × Rascal,false,,1,rascal,,miku-hatsune rubber keychain rubber-keychain,"#33CCBA",192
https://mementoserver-hrd.appspot.com/blob/get?blob=AMIfv95TCEOXgxOA8hXcSt4-gIP-L03lBP1IbRPJTIRrFMug6aWEErdPiHRJMnOazxujfRd52csF0LNPC8HEOE5-M7CxXvVnXXR75W7oQbPEiuQOoC1ZfiVIcxpUIzMkzNB1JFmLw-wWHe0bZtHjtdJNzIydNENNihB70FybD3ynLsjA6uFBheoqLQwGMzbGhnl2Oq-uyleR,Miku Hatsune,Plush - Nesoberi,,false,,2,,,miku-hatsune plush nesoberi neso nesoberi-plush,"#33CCBA",193
https://mementoserver-hrd.appspot.com/blob/get?blob=AMIfv94VQYK5aG8Ag56MLEwj3vf-GOiMlyNMhZt1I-J8JnfgnEhs_OiOcqv774yfhjsyEpEZV2S4T3EE8zt1pnDZ-YMaKZFnSE0AhC3mst-SmhN7SkDcMDEewlwYmcSnfQ75VnqI1h9Q_4nXlXNbGfh70sOZEoKXIFoqEjDRH3b0_cr1CSSAwpG3sLg_jZUN6_h3RujeyDHg,Miku Hatsune (Twinkle Snow),Plush - Fuwafuwa,Snow 2017 (Twinkle Snow),false,,1,,,miku-hatsune snow-miku snow-miku-2017 snow snow-version twinkle-snow snow-2017 plush fuwafuwa fuwa-fuwa fuwa-fuwa-plush,"#33CCBA",194
https://mementoserver-hrd.appspot.com/blob/get?blob=AMIfv95W63kpagxs7bA4_3gLFA2Y5C0NoQa1MIOPA0cVWOaTBNsJWgS0cjcDtwAcJzjXRZcWe-q6TP6jd2CxouP_9Jyyq1P7PrHT6iG3rEixnzXX88CpRWa1m0C5kf1NvPUyqcv5I1QSuoYYkwnzt07igu8-cTKLbnJ6Sm2LcUB5-OpoCP-hsAb_BP8JLB7ortO-N3oD5kUU,Miku Hatsune,Keychain - Rubber,Magical Mirai 2021,false,,1,magical-mirai,,miku-hatsune rubber keychain rubber-keychain,"#33CCBA",195
https://mementoserver-hrd.appspot.com/blob/get?blob=AMIfv95Gss-L13_efsdik57qLP4SnxnqtauRh5aoZAjc94hRkTuy3inj_OaBkU_jL3TuMBNtLM323lQTWesH3YuJOw6IEc1VM339YHGwGDD5yjJm68GP4Oc3FhLjjvR-4GmVGzK4Lc4Uc1A-S2Bq_lKcBmMaPO01Lfi4KflfoDj2GfLpkSVIC1iySAywelgzyLEFm_0Ya12b,Miku Hatsune,Plush - Fuwafuwa,Project DIVA × GHOST,false,,1,ghost project-diva,,miku-hatsune plush fuwafuwa fuwa-fuwa fuwa-fuwa-plush,"#33CCBA",196
https://mementoserver-hrd.appspot.com/blob/get?blob=AMIfv96baDjuUDV7vmNi6J4ao5g_4BNR8l_THxBlwjt-J5twXPRkPR4kESjkdk3dsa_AlutleqsovcBqa4Julq_l1zl_0IOjxg1ekxULjBIyV3XvNE1rv-QCDsv9-stUEhxCFkE6rM3i1MMqZWaSmyZpgtv5HwSduPwloUsDFDkg5iV8M2Px7Inb9ZZN0ihyA4weVRnrIA4q,Luka Megurine,Figure - Nendoroid,,false,,1,,,luka-megurine figure nendoroid nendo nendoroid-figure,"#FFBACC",199
https://mementoserver-hrd.appspot.com/blob/get?blob=AMIfv960pGfFGNwVPJVX4SzXNwepKOnPm7ZoRbn9Orsf2wjF-JZfAqeEX658v333Z0NH21NmHJAptegEdN5cECclWpAqxoPNUZTzMZtE_9grh53HFhX3cp05_uVeHUCGGhr7PUQyUbH_bEpyTgSUxL9225nv31-KOmS99JnNRg9sraw7DwzNQG-xHaxY3BWL3RHazqAMgM9S,Miku Hatsune,Badge - Can,,false,,1,,,miku-hatsune can badge button pin can-badge can-button can-pin,"#33CCBA",200
https://mementoserver-hrd.appspot.com/blob/get?blob=AMIfv94YMnAraVbqHD1f-FJXZeqTA38rK5hvljkbH3ADe2gSqjd3_nRLA8I31-kujpsGwhNEBbXIavaP95ZTMBa10Vh6jWV29nNmjbtk0ZZtDWOMgAAHdtLfTqDHif658wQoGWdekRkHX9G_oD1xkPohNMwUGurqxHq_cT40rpyxPWYcUvQOoQuERLflMBsb15w815iuKEVS,Miku Hatsune,Badge - Can,,false,,1,,,miku-hatsune can badge button pin can-badge can-button can-pin,"#33CCBA",201
https://mementoserver-hrd.appspot.com/blob/get?blob=AMIfv94pmD7n5JjXOZcpd019EKFIbTTeWQL1-dKMFcADy55UcUFZwXK6L-D4scnUXjOMZOEcrZ6tGRjiLKQVOQ-UZF0p6yT6O9CEtJkViwyVVz-E69u2lJWAVAjzZd096zWuC5GEh4BfS-_yTyXmJuWqfoO5oYaUFJS26HX94_nHvtXA_ozYLa0icQ7xMtwc-Ru0tZMdLLar,Miku Hatsune,Badge - Can,,false,,1,,,miku-hatsune can badge button pin can-badge can-button can-pin,"#33CCBA",202
https://mementoserver-hrd.appspot.com/blob/get?blob=AMIfv95r6PPD1PbedvGROittFtxqHKIeGK1GBM3Ff2W190n0FWbvb8ygBLUh6G9IJqI6KN-6fnZLLSVdIXHYz22UNCBm0wYFk5VolbBn2viQi-jplJ5hD0cLuuvkmfDjZfejJUNIFNczzWHqsoWKVxWR1Qpd0UR9z7jHboLqNI6N81KzKhEioOrxlruvpCqnrQdepeRUSam9,Miku Hatsune,Badge - Can,,false,,1,,,miku-hatsune can badge button pin can-badge can-button can-pin,"#33CCBA",203
https://mementoserver-hrd.appspot.com/blob/get?blob=AMIfv96_ckQpzAOTB2UC5KzUd6gHOpZdRtpz2gsgxk5twnvHXWY5k8PgwxpIFN4nvW-a7d3doqkZwLqNzoOgZQulekdB7oWeP-WOzU_wJUj_KoH7EI8tPzlrrBQRUkBJ8aa1cWhdzqz9AHu33J8GXfC6y5yRKl9iK77jrpc4L3dOGokhk78B_qEiH2QSqzMncpXMZVCIbIUQ,Miku Hatsune,Badge - Can,,false,,1,graff-art,,miku-hatsune can badge button pin can-badge can-button can-pin,"#33CCBA",204
https://mementoserver-hrd.appspot.com/blob/get?blob=AMIfv96GN5tkrg4poZuG4M5KMn70Z4WltiVNWPhL1ta0XIlsCxw_oT6CrwQrBZWle4SjxQ0sbJovtY-72TQd9F0frzZ5vU_A-dOFBFaKRnLGjazW-XjvXjaw3x32Bgc-28G06i_IKlQbLeLB_Q8aR-yo4XrWBscNRhWLUXbHqCv956XBh2CuDj8uxq9h9aSKOW3ha2fCf0GB,Luka Megurine,Badge - Can,,false,,1,graff-art,,luka-megurine can badge button pin can-badge can-button can-pin,"#FFBACC",205
https://mementoserver-hrd.appspot.com/blob/get?blob=AMIfv95Y0xkw0KbDPdXjdAgDG8x8jkHMQX1_-U6MrOpa8IU271BxC42nS6oF7co4T3IDt-YTOdnUMEJ_zLOQuTOdEM0hSAQE0939INWNmyRkB5CLtvrICSJmbs6L8SKL0RbPeDDQ9VZC3OmFDu1yedQOqoqv1D2E9gnsVFTpov8mm6H1VG-8JSO8aIvx5OYL0o6geca9XWpO,MEIKO,Badge - Can,,false,,1,graff-art,,meiko can badge button pin can-badge can-button can-pin,"#DE4444",206
https://mementoserver-hrd.appspot.com/blob/get?blob=AMIfv97j-b4ZFJPDWFpbgEIidueBPLTE9kda8DkK6jM9iw8Sz2B7MqscSZcfj98b2gV-Aq4x0AcVgFxsRSzGWM03VWS85ZzhsJNaw4AWdJcBzwoe6OFstbq8P_WwVEpi0yoTFuY-AynRhzKd9W0LRTtNQuBd-Kl8L0uHy8om94bKuNJh3-tv1ZWv9GbJg0S2WZzvPVA42ri1,KAITO,Badge - Can,,false,,1,graff-art,,kaito can badge button pin can-badge can-button can-pin,"#3367CD",207
https://mementoserver-hrd.appspot.com/blob/get?blob=AMIfv96_cNX-aSwVMYOGubb-Z22cbV6LmUcsIAXQ7dyMdw_2UMc6KRp-RMcwsrQS8OmfdCJ_nxUMh8E-7n6WblLwFN1iU7PUAYwAjKCTR5gYImJKMWs2P8mwuydx0LtmNrPqQ-0YuKsoGa7c7LD46NIlwiRB8tvhDGaT6jKPVDbBfJKpOSDVCYtNywnFMKM8qAGMtPpd7326,Len Kagamine,Badge - Can,,false,,1,graff-art,,len-kagamine can badge button pin can-badge can-button can-pin,"#FFEE12",208
https://mementoserver-hrd.appspot.com/blob/get?blob=AMIfv96F7VedRaGRy8y13T9mG1Obx0N3AcKQeRaVN3Gs5Z80y81hxzb1bmT2BMN72_-T19z1Wrj9MaM6F8qWFvnvyWGpWiHcZjl9C6nMfpruYJTQRpgnL6i-fT_CHgERjig39uDZaFGQdcwtj5yToC3h8yEUhZUMoc9cXtMzV58AThp6sfrBwvFeK7pzvCCAqR7p0MH43_G-,Rin Kagamine,Badge - Can,,false,,1,graff-art,,rin-kagamine can badge button pin can-badge can-button can-pin,"#FFCC11",209
https://mementoserver-hrd.appspot.com/blob/get?blob=AMIfv95riRAcIbdWGOWSmB3fICpWTHLrsgTGIV9k_hJKiZdDRKuQI2v5Aw8zX_3y6ZS5hSiDhlLxvL52q0if5k4VlSC0RPoLeAEXt_bmf6wo90clRkOBKThXWqtst0jQDsAnymY50kGaZaUI-HoVIQ2_Y6VCRGAPFdRgqZXgktXAfSpceBowsTGFM8Ao0_oPr-QXFnnCUa6H,Miku Hatsune,Acrylic Stand,,false,,1,,,miku-hatsune acrylic stand acrylic-stand,"#33CCBA",210
https://mementoserver-hrd.appspot.com/blob/get?blob=AMIfv94GK2QVrhaE0-EkO8ccwZnhqwyaOlW1HMJKJYc9Y0aFZRM8Yv6KhRSmVSGelE9p7i-bCdGok3d_OA74a-cYXeEeN6Y3YqfXRtKF4unmy9uxSMkr4iJ6xP1r4NUZ7nXAuVBswp7J60Boz1aT6kjtPAZguF44sO8xqTcxrPtwu7CJWR6rDzgz0P_RTdwVF_XtMW9lcvPL,Miku Hatsune,Figure - Nendoroid,,false,Chara-Ani,1,cat,,miku-hatsune chara-ani figure nendoroid nendo nendoroid-figure,"#33CCBA",211
https://mementoserver-hrd.appspot.com/blob/get?blob=AMIfv96sNogFjOYTNlpU1-UWykmynTmujElAhpPuiwB3zXEcbtnsH5zWGRiXp-Y28xjakDA3ns7xatu5yVb-ybn_rmIChSI_cK_l_qaMr2Hk_SPCYPEBhNXTFvNaSnkWOj_hR067FUpVf0Hg5JY87DA9Qp5aVblLDLkO-fd5D8tL_cVshvWdasXgMFezRdIPf24wNyBLMtQ_,Miku Hatsune,Figure - Scale,Miku × My Little Pony,false,BigBadToyStore,1,pony collab,,miku-hatsune bigbadtoystore bbts big-bad-toy-store figure scale-figure,"#33CCBA",212
https://mementoserver-hrd.appspot.com/blob/get?blob=AMIfv94krSc6FEU5VCD6DiL1kwt_5k-GY6Vgc-oo48ufiabXwM6F39r8L8MyNGHP2Vs_d-HA_aadojYDZz2SA7zV8vpzpiNk6V__g_r6a4r1AwSiyTZ-j19aGaoY2DalT3Xn1sgyM1qQbYWbnBdrKNQsSKChOQLf88YpqeoeUC3B2f0Y47Pr1UNmzr7b5Cp60J-8WvvN6hb2,Miku Hatsune (Grand Voyage),Figure - Nendoroid,Snow 2022 (Grand Voyage),false,Good Smile JP,1,,,miku-hatsune snow-miku snow-miku-2022 snow snow-version grand-voyage snow-2022 good-smile good-smile-online good-smile-jp figure nendoroid nendo nendoroid-figure,"#33CCBA",213
https://mementoserver-hrd.appspot.com/blob/get?blob=AMIfv94HI3W7Up-MnYwJ8SDL-KF1xdsM24NOrT8oSUNBSLT5fsoSZboaiV4b_4R-sOKBLXj2fEOUHAiHQf9F22168-Q3YGy1vm8NBruyAa0rl4mCURLcyvBbE8ZAG38QUW81uA-A8uRi9I9p8jGwWyA-BrJjtYTAevjDnVJNDlXC4uO5FRHOc8is0U7M_YXhXkUhcRUjJZRQ,Miku Hatsune,Figure - Prize,,false,BigBadToyStore,1,cat,,miku-hatsune bigbadtoystore bbts big-bad-toy-store figure prize-figure prize,"#33CCBA",214
